Source,Publisher,Dataset_Publication,Indicator,Population,Period,Frequency,Unit,Geography,URL,Retrieved,Filename,Size_bytes,SHA256,Status,Primary_Secondary,Notes
DoS,"Department of Statistics, Jordan",Press Release Q1 2022,Unemployment rate; participation; sex/age/governorate (Labour Force Survey),Jordanian citizens,Q1 2022,Quarterly,% / persons,Jordan (governorate breakdowns),http://dos.gov.jo/dos_home_e/main/archive/Unemp/2022/Emp_Q12022.pdf,2026-10-08T00:48:37+03:00,Emp_Q12022.pdf,244232,762be95881137d98325a4ea781f3529c526c300844cc7a5a77ae94a82c0f0275,Downloaded,Primary,Legacy dos.gov.jo host.
DoS,"Department of Statistics, Jordan",Press Release Q2 2022,Unemployment rate; participation; sex/age/governorate (Labour Force Survey),Jordanian citizens,Q2 2022,Quarterly,% / persons,Jordan (governorate breakdowns),http://dos.gov.jo/dos_home_e/main/archive/Unemp/2022/Emp_Q2_2022.pdf,2026-10-08T00:48:36+03:00,Emp_Q2_2022.pdf,189159,add66dd2ba7b819f60af0c92ab26bf254030aaa90940eeb2011ea362a134f293,Downloaded,Primary,Legacy dos.gov.jo host.
DoS,"Department of Statistics, Jordan",Press Release Q3 2022,Unemployment rate; participation; sex/age/governorate (Labour Force Survey),Jordanian citizens,Q3 2022,Quarterly,% / persons,Jordan (governorate breakdowns),http://dos.gov.jo/dos_home_e/main/archive/Unemp/2022/Emp_Q32022.pdf,2026-10-08T00:48:35+03:00,Emp_Q32022.pdf,235724,be641c03ce4e99a82726dd2ebb82ba964e264288ac18cf0b519880b4ffc885b4,Downloaded,Primary,Legacy dos.gov.jo host.
DoS,"Department of Statistics, Jordan",Press Release Q4 2020,Unemployment rate; participation; sex/age/governorate (Labour Force Survey),Jordanian citizens,Q4 2020,Quarterly,% / persons,Jordan (governorate breakdowns),http://dos.gov.jo/dos_home_e/main/archive/Unemp/2020/Emp_Q4_2020.pdf,2026-10-08T00:48:42+03:00,Emp_Q4_2020.pdf,211957,b65d79bed18ce0d57450c036fd764c117999c35bfd22b0bbb672707a86743111,Downloaded,Primary,Legacy dos.gov.jo host.
DoS,"Department of Statistics, Jordan",Employment and Unemployment - metadata workbook,Unemployment rate; participation; sex/age/governorate (Labour Force Survey),n/a (methodology),n/a,n/a,% / persons,Jordan (governorate breakdowns),https://dosweb.dos.gov.jo/Databank/Metadata/Emp_unemp.xlsx,2026-10-08T00:44:45+03:00,Emp_unemp.xlsx,78559,4d6773312b2439ee20aa95515e8f5418c9f3e10390e9c28b2dd380d60e5859de,Downloaded,Primary,"Official DoS methodology/metadata (definitions, survey design)."
DoS,"Department of Statistics (PxWeb, Labour Market)",DoS PxWeb database - EMPALL1 (Jordanians unemployed 15+),Persons unemployed/employed (Jordanians 15+),Jordanian citizens,2017-2025,Annual,% / persons,Jordan (governorate breakdowns),https://jorinfo.dos.gov.jo/Databank/api/v1/en/DOS_Database/12/EMPALL1,2026-10-08T00:50:07+03:00,PX_EMPALL1_AGE.json,1095,9cf08cc031d38f13a6ee91fac2a0a9c2dfdf3939ea909c854a90076732ddfc9a,Downloaded,Primary,JSON-stat API extract; breakdown: AGE x Time. Persons.
DoS,"Department of Statistics (PxWeb, Labour Market)",DoS PxWeb database - EMPALL1 (Jordanians unemployed 15+),Persons unemployed/employed (Jordanians 15+),Jordanian citizens,2017-2025,Annual,% / persons,Jordan (governorate breakdowns),https://jorinfo.dos.gov.jo/Databank/api/v1/en/DOS_Database/12/EMPALL1,2026-10-08T00:50:19+03:00,PX_EMPALL1_EDU.json,1311,ed054d4967bf5ea0161d03566e8ea4cec7a408e714d1bd9e68e8f82edad53cd9,Downloaded,Primary,JSON-stat API extract; breakdown: EDU x Time. Persons.
DoS,"Department of Statistics (PxWeb, Labour Market)",DoS PxWeb database - EMPALL1 (Jordanians unemployed 15+),Persons unemployed/employed (Jordanians 15+),Jordanian citizens,2017-2025,Annual,% / persons,Jordan (governorate breakdowns),https://jorinfo.dos.gov.jo/Databank/api/v1/en/DOS_Database/12/EMPALL1,2026-10-08T00:50:33+03:00,PX_EMPALL1_GOV.json,1433,ba8e47c3f621ffff4d24ea4f1ccaf04b516705e294e50a2285dfe4c4fa7ec5c0,Downloaded,Primary,JSON-stat API extract; breakdown: GOV x Time. Persons.
DoS,"Department of Statistics (PxWeb, Labour Market)",DoS PxWeb database - EMPALL1 (Jordanians unemployed 15+),Persons unemployed/employed (Jordanians 15+),Jordanian citizens,2017-2025,Annual,% / persons,Jordan (governorate breakdowns),https://jorinfo.dos.gov.jo/Databank/api/v1/en/DOS_Database/12/EMPALL1,2026-10-08T00:49:54+03:00,PX_EMPALL1_SEX.json,706,6c3cc82c5883663121597987f0504cc07ff9e4148c66ace23267ae01a96326e1,Downloaded,Primary,JSON-stat API extract; breakdown: SEX x Time. Persons.
DoS,"Department of Statistics (PxWeb, Labour Market)",DoS PxWeb database - EMPALL1 (Jordanians unemployed 15+),Persons unemployed/employed (Jordanians 15+),Jordanian citizens,2017-2025,Annual,% / persons,Jordan (governorate breakdowns),https://jorinfo.dos.gov.jo/Databank/api/v1/en/DOS_Database/12/EMPALL1,2026-10-08T00:49:41+03:00,PX_EMPALL1_TOTAL.json,538,aa15a6fc470706c2590371ccade91e22b20e6c7c38e1bd10158808a752e5eb16,Downloaded,Primary,JSON-stat API extract; breakdown: TOTAL x Time. Persons.
DoS,"Department of Statistics (PxWeb, Labour Market)",DoS PxWeb database - EMPALL (Jordanians employed 15+),Persons unemployed/employed (Jordanians 15+),Jordanian citizens,2017-2025,Annual,% / persons,Jordan (governorate breakdowns),https://jorinfo.dos.gov.jo/Databank/api/v1/en/DOS_Database/12/EMPALL,2026-10-08T00:50:37+03:00,PX_EMPALL_AGE.json,1266,bda77a4fbdade2da5701cf3ee76cec7f467eed7daf6c29d80e804ff6a51f9b56,Downloaded,Primary,JSON-stat API extract; breakdown: AGE x Time. Persons.
DoS,"Department of Statistics (PxWeb, Labour Market)",DoS PxWeb database - EMPALL (Jordanians employed 15+),Persons unemployed/employed (Jordanians 15+),Jordanian citizens,2017-2025,Annual,% / persons,Jordan (governorate breakdowns),https://jorinfo.dos.gov.jo/Databank/api/v1/en/DOS_Database/12/EMPALL,2026-10-08T00:50:38+03:00,PX_EMPALL_EDU.json,1481,4936b8afea51754dac9cb40b95b1a796982474e90e75c9f48af0b42c0f9d2595,Downloaded,Primary,JSON-stat API extract; breakdown: EDU x Time. Persons.
DoS,"Department of Statistics (PxWeb, Labour Market)",DoS PxWeb database - EMPALL (Jordanians employed 15+),Persons unemployed/employed (Jordanians 15+),Jordanian citizens,2017-2025,Annual,% / persons,Jordan (governorate breakdowns),https://jorinfo.dos.gov.jo/Databank/api/v1/en/DOS_Database/12/EMPALL,2026-10-08T00:50:40+03:00,PX_EMPALL_GOV.json,1610,b84be3ff9bf4e87c538293fdae0008d4b8e2471fc128a811664dbde61b2c58da,Downloaded,Primary,JSON-stat API extract; breakdown: GOV x Time. Persons.
DoS,"Department of Statistics (PxWeb, Labour Market)",DoS PxWeb database - EMPALL (Jordanians employed 15+),Persons unemployed/employed (Jordanians 15+),Jordanian citizens,2017-2025,Annual,% / persons,Jordan (governorate breakdowns),https://jorinfo.dos.gov.jo/Databank/api/v1/en/DOS_Database/12/EMPALL,2026-10-08T00:50:35+03:00,PX_EMPALL_SEX.json,836,e35fe6d5e66b64595a20e8010d98e3d3d439627d3c5c779db14c1f691b939a86,Downloaded,Primary,JSON-stat API extract; breakdown: SEX x Time. Persons.
DoS,"Department of Statistics (PxWeb, Labour Market)",DoS PxWeb database - EMPALL (Jordanians employed 15+),Persons unemployed/employed (Jordanians 15+),Jordanian citizens,2017-2025,Annual,% / persons,Jordan (governorate breakdowns),https://jorinfo.dos.gov.jo/Databank/api/v1/en/DOS_Database/12/EMPALL,2026-10-08T00:50:34+03:00,PX_EMPALL_TOTAL.json,669,cfa50d3fffa5e9b0bfe603451618502c1cce50c8daa496937568cfca937cd593,Downloaded,Primary,JSON-stat API extract; breakdown: TOTAL x Time. Persons.
DoS,"Department of Statistics, Jordan",Press Release Q3 2021,Unemployment rate; participation; sex/age/governorate (Labour Force Survey),Jordanian citizens,Q3 2021,Quarterly,% / persons,Jordan (governorate breakdowns),http://dos.gov.jo/dos_home_e/main/archive/Unemp/2021/Q3_2021.pdf,2026-10-08T00:48:41+03:00,Q3_2021.pdf,440539,ccc426ac501fd82b9d7c4e7e126eade6a24eb7e29781bc436f492f0a013d53c2,Downloaded,Primary,Legacy dos.gov.jo host.
DoS,"Department of Statistics, Jordan",Press Release Q4 2021,Unemployment rate; participation; sex/age/governorate (Labour Force Survey),Jordanian citizens,Q4 2021,Quarterly,% / persons,Jordan (governorate breakdowns),http://dos.gov.jo/dos_home_e/main/archive/Unemp/2021/Q4_2021.pdf,2026-10-08T00:48:38+03:00,Q4_2021.pdf,433657,cd5f40474cdbaa6a30327f0c08315925af090868a63c63dd3c2caf8f97f8abba,Downloaded,Primary,Legacy dos.gov.jo host.
DoS,"Department of Statistics, Jordan",Press Release annual 2024 (19 Mar 2025),Unemployment rate; participation; sex/age/governorate (Labour Force Survey),Jordanian citizens,2024,Annual,% / persons,Jordan (governorate breakdowns),https://dosweb.dos.gov.jo/DataBank/News/Unemployment/2024/unemp_2024_en.pdf,2026-10-08T00:44:42+03:00,unemp_2024_en.pdf,318898,df93f962ad235b7778146d910e7d6ecffd361ec29f5ecdd64104293fe36dcfcc,Downloaded,Primary,Population not named in text; confirmed Jordanian via PxWeb counts and Q2 2026 Fig.8.
DoS,"Department of Statistics, Jordan",Press Release Q1 2024,Unemployment rate; participation; sex/age/governorate (Labour Force Survey),Jordanian citizens,Q1 2024,Quarterly,% / persons,Jordan (governorate breakdowns),https://dosweb.dos.gov.jo/databank/news/unemployment/2024/unemp_Q1_2024_en.pdf,2026-10-08T00:44:43+03:00,unemp_Q1_2024_en.pdf,666047,5b9897e888835dfdd3850a65e76a6121fd975ec663cc3450f7cc58385b80e43a,Downloaded,Primary,Context; Fig.1 supplies Q1 2021 value.
DoS,"Department of Statistics, Jordan",Press Release Q1 2026 (17 Jun 2026),Unemployment rate; participation; sex/age/governorate (Labour Force Survey),Jordanian citizens,Q1 2026,Quarterly,% / persons,Jordan (governorate breakdowns),https://dosweb.dos.gov.jo/databank/News/Unemployment/2026/unemp_Q1_2026_en.pdf,2026-10-08T00:44:40+03:00,unemp_Q1_2026_en.pdf,1651606,b3627bd4d5e5dbfc55f289a645dbc0f2ed8924b15bab027dd4b1f4d51c633f96,Downloaded,Primary,Jordanian section used.
DoS,"Department of Statistics, Jordan",Press Release Q1 2025 (15 Jun 2025),Unemployment rate; participation; sex/age/governorate (Labour Force Survey),Jordanian citizens,Q1 2025,Quarterly,% / persons,Jordan (governorate breakdowns),https://dosweb.dos.gov.jo/DataBank/News/Unemployment/2025/unemp_Q1_en_2025.pdf,2026-10-08T00:44:41+03:00,unemp_Q1_en_2025.pdf,1124890,5c4fbcbe0d6fe2abc4b235454fbb59faf733cc764179c26c4be6afc4672cb032,Downloaded,Primary,Population not named in text; confirmed Jordanian via later bulletins.
DoS,"Department of Statistics, Jordan",Press Release Q2 2024,Unemployment rate; participation; sex/age/governorate (Labour Force Survey),Jordanian citizens,Q2 2024,Quarterly,% / persons,Jordan (governorate breakdowns),https://dosweb.dos.gov.jo/databank/news/unemployment/2024/unemp_Q2_2024_en.pdf,2026-10-08T00:44:43+03:00,unemp_Q2_2024_en.pdf,281282,2608f141893ecdd10f0491504b0654e1af4f9131f9c4dc1fde4660e9cf15e8eb,Downloaded,Primary,Context.
DoS,"Department of Statistics, Jordan",Press Release Q2 2026 (7 Sep 2026),Unemployment rate; participation; sex/age/governorate (Labour Force Survey),Jordanian citizens,Q2 2026,Quarterly,% / persons,Jordan (governorate breakdowns),https://dosweb.dos.gov.jo/DataBank/News/Unemployment/2026/unemp_Q2_2026_en.pdf,2026-10-08T00:44:39+03:00,unemp_Q2_2026_en.pdf,1548422,f95c7d0a4fbd00c961c4e6781b02ac77fbbdc174dbe6760d9fdcb2a38abd55b5,Downloaded,Primary,"Latest quarter. Contains total, Jordanian and non-Jordanian sections; only Jordanian section used."
DoS,"Department of Statistics, Jordan",Press Release Q3 2023,Unemployment rate; participation; sex/age/governorate (Labour Force Survey),Jordanian citizens,Q3 2023,Quarterly,% / persons,Jordan (governorate breakdowns),https://dosweb.dos.gov.jo/databank/news/unemployment/2023/unemp_Q3_2023_en.pdf,2026-10-08T00:44:44+03:00,unemp_Q3_2023_en.pdf,431417,aa64a9cb3eb76fa87fb235b49d1d34a9362fc09e3f5aaa2ec493c3379e11520f,Downloaded,Primary,Context.
DoS,"Department of Statistics, Jordan",Press Release Q3 2024,Unemployment rate; participation; sex/age/governorate (Labour Force Survey),Jordanian citizens,Q3 2024,Quarterly,% / persons,Jordan (governorate breakdowns),https://dosweb.dos.gov.jo/databank/news/unemployment/2024/unemp_Q3_2024_en.pdf,2026-10-08T00:44:42+03:00,unemp_Q3_2024_en.pdf,217665,756c5087f243ffe1b428ccfbe348001d7dffceadb780575b5abf2f7b155c8e67,Downloaded,Primary,Context.
DoS,"Department of Statistics, Jordan",Press Release Q3 2025 (2 Dec 2025),Unemployment rate; participation; sex/age/governorate (Labour Force Survey),Jordanian citizens,Q3 2025,Quarterly,% / persons,Jordan (governorate breakdowns),https://dosweb.dos.gov.jo/DataBank/News/Unemployment/2025/unemp_Q3_2025_en.pdf,2026-10-08T00:44:41+03:00,unemp_Q3_2025_en.pdf,894786,80a10abedb3e51fcefbb1e303373c0950253b5d9e9cff3a833d86d3e36785557,Downloaded,Primary,Jordanian section used; also confirms Q2 2025 values.
DoS,"Department of Statistics, Jordan",Press Release Q4 2025 (15 Apr 2026),Unemployment rate; participation; sex/age/governorate (Labour Force Survey),Jordanian citizens,Q4 2025,Quarterly,% / persons,Jordan (governorate breakdowns),https://dosweb.dos.gov.jo/databank/News/Unemployment/2026/unemp_Q4_2025_en.pdf,2026-10-08T00:44:40+03:00,unemp_Q4_2025_en.pdf,1419873,e6c3029f6443815b4c1e2f4f97f0acccffc5856b9e978dd3c067f01e3c2c202c,Downloaded,Primary,Jordanian section used.
DoS,"Department of Statistics, Jordan",Press Release Q4 2023,Unemployment rate; participation; sex/age/governorate (Labour Force Survey),Jordanian citizens,Q4 2023,Quarterly,% / persons,Jordan (governorate breakdowns),https://dosweb.dos.gov.jo/DataBank/News/Unemployment/2023/unemp_Q4_e_2023.pdf,2026-10-08T00:44:44+03:00,unemp_Q4_e_2023.pdf,382706,d265b39cca50adc38defeac317d8cd77531116f8a0ca44a8d6374927524d801c,Downloaded,Primary,"Context; includes Jordanian-era age-group rates (15-19, 20-24, 25-29)."
DoS,"Department of Statistics, Jordan",Press release web page Q1 2020,"Unemployment rate, male/female",Jordanian citizens,Q1 2020,Quarterly,%,Jordan,https://dosweb.dos.gov.jo/unemp_q12020/,2026-10-08T00:51:36+03:00,DoS_post_Q1_2020.html,118541,760c2fe189fe44673b2ec314360f00a77de3c6249499555d4ecf9c4985368d7f,Downloaded (web page; no PDF link),Primary,HTML page saved as-is; context only.
DoS,"Department of Statistics, Jordan",Press release web page Q2 2020,"Unemployment rate, male/female",Jordanian citizens,Q2 2020,Quarterly,%,Jordan,https://dosweb.dos.gov.jo/23-0-unemployment-rate-during-the-second-quarter-of-2020/,2026-10-08T00:51:44+03:00,DoS_post_Q2_2020.html,114674,911b10d2c2ea46109485239fe33efc04936b6441ff9623ee69239ec76014f698,Downloaded (web page; no PDF link),Primary,HTML page saved as-is; context only.
DoS,"Department of Statistics, Jordan",Press release web page Q3 2020,"Unemployment rate, male/female",Jordanian citizens,Q3 2020,Quarterly,%,Jordan,https://dosweb.dos.gov.jo/23-9-unemployment-rate-during-the-third-quarter-of-2020-2/,2026-10-08T00:51:50+03:00,DoS_post_Q3_2020.html,113912,a1aa3de926534c79d9f388bb1f8b1ea2da3582fea1c26a3dc21b6499910c0143,Downloaded (web page; no PDF link),Primary,HTML page saved as-is; context only.
World Bank,World Bank (ILO modelled estimate),WDI SL.UEM.TOTL.ZS Jordan,"Unemployment, total (% of labour force), modeled ILO estimate","NOT Jordanian-only (all residents, modeled)",2019-2025,Annual,%,Jordan,https://api.worldbank.org/v2/country/JOR/indicator/SL.UEM.TOTL.ZS?format=json&date=2019:2026&per_page=50,2026-10-08T00:54:43+03:00,WB_SL.UEM.TOTL.ZS_JOR.json,1809,91debf88362520196d440d33ae94b7a934d61b0dced7a805521aabebf96c29fc,Downloaded,Secondary,Cross-check only; excluded from every Jordanian statistic.
DoS,"Department of Statistics, Jordan",Standalone press release Q2 2025,Unemployment rate,Jordanian citizens,Q2 2025,Quarterly,%,Jordan,https://dosweb.dos.gov.jo/category/news/unemployment-rate/feed/,,,,,Not published / not found,Primary,"Not in DoS press-release feed (no Q2 2025 or Q4 2024 or annual-2025 release). Q2 2025 values taken from Q3 2025, Q2 2026 bulletins."
DoS,"Department of Statistics, Jordan",Annual 2025 unemployment press release,Unemployment rate,Jordanian citizens,2025,Annual,%,Jordan,https://dosweb.dos.gov.jo/category/news/unemployment-rate/feed/,,,,,Not published as of 2026-10-08 (not found),Primary,2025 annual rate derived instead from official PxWeb person counts; flagged as derived.
