Order,Code,Name,Unemployed,LabourForce,Rate,Share,PathD,Fill,CX,CY,RowY,HotRowX,HotMapY,HotRowY,R,Note1,Note2
1,11,Amman,155900,814807,19.13,0.3611,"M244.4,251.5 L190.9,192.9 L181.9,197.3 L165.8,183.9 L167.4,179.9 L174.7,175.9 L161.2,161.5 L147.4,160.5 L143.7,165.3 L134.6,165.2 L131.5,168.1 L124.1,169.8 L113.0,159.0 L107.9,164.7 L102.7,165.4 L100.8,170.4 L88.8,176.7 L87.7,179.1 L94.3,183.5 L92.3,191.0 L104.3,189.0 L105.1,198.4 L102.1,205.9 L103.3,210.0 L107.7,212.9 L110.0,220.1 L103.7,233.7 L106.5,238.4 L105.5,250.4 L229.0,251.9Z","rgb(206,162,132)",115.4,173.6,20,14,326.4,392,19.7,,
2,21,Irbid,97011,394327,24.6,0.2247,"M85.6,144.6 L83.1,135.4 L87.2,126.0 L93.2,127.0 L97.3,124.0 L104.2,123.8 L106.2,121.1 L111.4,129.1 L116.8,126.1 L121.5,128.4 L124.1,124.9 L122.0,120.2 L130.3,121.0 L129.7,106.4 L124.7,98.0 L124.9,93.2 L118.2,90.9 L119.0,88.8 L116.0,86.4 L100.7,82.3 L90.2,89.2 L84.8,89.7 L79.4,94.4 L80.6,101.9 L77.4,122.3 L77.9,143.2 L83.1,144.7Z","rgb(192,112,84)",107.6,104.9,54,14,395.1,358,15.6,,
3,13,Zarqa,50474,247313,20.41,0.1169,"M113.0,159.0 L124.1,169.8 L131.5,168.1 L134.6,165.2 L143.7,165.3 L147.4,160.5 L161.2,161.5 L174.7,175.9 L167.4,179.9 L165.8,183.9 L181.9,197.3 L190.9,192.9 L221.2,224.7 L300.3,202.1 L210.6,172.2 L167.5,155.1 L164.2,150.4 L150.6,152.3 L140.9,149.2 L132.7,151.2 L128.6,148.0 L124.9,150.2 L121.6,148.2 L122.1,144.2 L118.9,143.4 L118.3,147.6 L109.4,154.2 L112.1,158.5Z","rgb(202,150,121)",131.1,159.8,88,14,340.2,324,11.2,,
4,12,Balqa,29246,120584,24.25,0.0677,"M92.3,191.0 L94.3,183.5 L87.9,180.0 L88.8,176.7 L99.0,171.8 L102.7,165.4 L107.9,164.7 L113.0,159.0 L104.0,149.4 L91.1,149.4 L91.3,147.3 L87.3,147.2 L85.6,144.6 L78.3,144.2 L73.6,161.5 L77.2,190.9 L73.7,202.0 L83.0,200.6 L85.4,192.7 L91.3,191.2Z","rgb(193,115,87)",95.8,163.3,122,14,336.7,290,8.6,,
5,22,Mafraq,22599,95620,23.63,0.0524,"M118.9,143.4 L122.1,144.2 L121.6,148.2 L124.9,150.2 L128.6,148.0 L132.7,151.2 L140.9,149.2 L150.6,152.3 L164.2,150.4 L167.5,155.1 L210.6,172.2 L300.3,202.1 L415.0,168.9 L446.0,141.2 L441.8,127.2 L420.3,133.1 L414.8,113.1 L425.1,110.3 L396.0,10.0 L204.5,132.4 L161.2,124.4 L141.4,107.1 L129.8,109.1 L129.9,121.5 L122.0,120.2 L124.0,125.7 L115.4,135.6 L118.8,142.8Z","rgb(194,120,93)",142.9,128.9,156,14,371.1,256,7.5,,
6,31,Karak,18070,90626,19.94,0.0419,"M136.3,250.9 L107.1,251.1 L105.2,249.1 L106.5,238.4 L103.7,233.7 L94.9,231.7 L88.8,233.6 L77.7,229.9 L70.4,230.5 L69.0,239.5 L63.2,251.1 L69.2,267.4 L64.6,277.6 L63.8,286.8 L60.0,291.2 L68.8,294.4 L71.5,281.8 L91.2,284.2 L106.2,291.0 L125.0,307.5 L144.3,269.2 L136.8,261.2 L136.5,254.8Z","rgb(204,154,125)",92.9,261.6,190,14,238.4,222,6.7,,
7,33,Ma'an,12749,44241,28.82,0.0295,"M96.5,484.0 L129.3,490.0 L173.2,453.5 L196.6,411.8 L269.5,396.4 L285.3,357.9 L318.7,339.1 L244.4,251.5 L136.3,250.9 L136.8,261.2 L144.3,269.2 L117.0,323.5 L111.0,320.9 L90.1,328.0 L69.0,326.2 L66.8,344.1 L60.3,357.1 L63.2,371.1 L54.9,384.8 L53.9,393.9 L57.3,400.5 L61.0,402.4 L73.8,402.4 L82.2,409.4 L91.2,437.2 L95.5,473.1Z","rgb(114,38,24)",95.8,374.9,224,14,125.1,188,5.6,DoS published Ma'an's Q2 2026 quarterly rate separately: 33.2&%2337;.,Different period and basis; not comparable with the 2025 derived rate.
8,23,Jerash,11686,51260,22.8,0.0271,"M109.4,154.2 L118.8,146.3 L115.4,135.6 L121.5,128.4 L117.4,126.2 L106.4,131.3 L102.3,140.6 L94.1,143.7 L90.5,148.7 L102.0,148.7 L108.4,154.0Z","rgb(196,128,100)",112.5,135.8,258,14,364.2,154,5.4,,
9,24,Ajloun,11019,47074,23.41,0.0255,"M91.3,147.3 L94.1,143.7 L102.3,140.6 L104.8,132.7 L111.4,129.1 L106.2,121.1 L104.2,123.8 L97.3,124.0 L93.2,127.0 L86.9,126.4 L83.0,136.5 L86.0,146.3 L88.3,147.3Z","rgb(195,123,95)",97.8,130.1,292,14,369.9,120,5.2,,
10,14,Madaba,10726,50970,21.04,0.0248,"M103.7,233.7 L110.0,220.1 L107.7,212.9 L103.3,210.0 L102.1,205.9 L105.1,198.4 L103.7,188.1 L87.2,191.2 L83.7,200.1 L73.7,202.0 L70.2,225.6 L70.4,230.5 L77.7,229.9 L88.8,233.6 L94.9,231.7 L102.5,233.2Z","rgb(201,144,115)",101.7,199.9,326,14,300.1,86,5.2,,
11,34,Aqaba,6134,40460,15.16,0.0142,"M69.0,326.2 L63.6,325.2 L61.1,320.5 L52.1,314.8 L44.9,329.7 L40.3,347.9 L42.5,353.4 L39.5,369.3 L41.2,382.8 L34.9,391.8 L32.4,401.6 L32.3,413.8 L22.5,443.3 L24.0,454.0 L21.3,458.8 L20.0,470.1 L96.5,484.0 L91.2,437.2 L82.2,409.4 L73.8,402.4 L59.2,401.8 L53.9,393.9 L55.4,382.2 L63.2,371.1 L60.3,357.1 L66.8,344.1 L69.1,327.3Z","rgb(216,199,167)",24.2,450.4,360,14,49.6,52,3.9,,
12,32,Tafilah,6063,28558,21.23,0.014,"M125.0,307.5 L106.2,291.0 L91.2,284.2 L71.5,281.8 L68.8,294.4 L60.0,291.2 L58.7,293.2 L52.1,314.8 L61.1,320.5 L65.3,325.9 L90.1,328.0 L105.9,324.1 L109.2,321.0 L117.0,323.5 L122.9,311.8Z","rgb(200,143,114)",83.1,300.5,394,14,199.5,18,3.9,,
