Lens,Idx,Row,Col,Group,Rgb
Sex,1,0,0,men,"rgb(62,76,82)"
Sex,2,0,1,men,"rgb(62,76,82)"
Sex,3,0,2,men,"rgb(62,76,82)"
Sex,4,0,3,men,"rgb(62,76,82)"
Sex,5,0,4,men,"rgb(62,76,82)"
Sex,6,0,5,men,"rgb(62,76,82)"
Sex,7,0,6,men,"rgb(62,76,82)"
Sex,8,0,7,men,"rgb(62,76,82)"
Sex,9,0,8,men,"rgb(62,76,82)"
Sex,10,0,9,men,"rgb(62,76,82)"
Sex,11,1,0,men,"rgb(62,76,82)"
Sex,12,1,1,men,"rgb(62,76,82)"
Sex,13,1,2,men,"rgb(62,76,82)"
Sex,14,1,3,men,"rgb(62,76,82)"
Sex,15,1,4,men,"rgb(62,76,82)"
Sex,16,1,5,men,"rgb(62,76,82)"
Sex,17,1,6,men,"rgb(62,76,82)"
Sex,18,1,7,men,"rgb(62,76,82)"
Sex,19,1,8,men,"rgb(62,76,82)"
Sex,20,1,9,men,"rgb(62,76,82)"
Sex,21,2,0,men,"rgb(62,76,82)"
Sex,22,2,1,men,"rgb(62,76,82)"
Sex,23,2,2,men,"rgb(62,76,82)"
Sex,24,2,3,men,"rgb(62,76,82)"
Sex,25,2,4,men,"rgb(62,76,82)"
Sex,26,2,5,men,"rgb(62,76,82)"
Sex,27,2,6,men,"rgb(62,76,82)"
Sex,28,2,7,men,"rgb(62,76,82)"
Sex,29,2,8,men,"rgb(62,76,82)"
Sex,30,2,9,men,"rgb(62,76,82)"
Sex,31,3,0,men,"rgb(62,76,82)"
Sex,32,3,1,men,"rgb(62,76,82)"
Sex,33,3,2,men,"rgb(62,76,82)"
Sex,34,3,3,men,"rgb(62,76,82)"
Sex,35,3,4,men,"rgb(62,76,82)"
Sex,36,3,5,men,"rgb(62,76,82)"
Sex,37,3,6,men,"rgb(62,76,82)"
Sex,38,3,7,men,"rgb(62,76,82)"
Sex,39,3,8,men,"rgb(62,76,82)"
Sex,40,3,9,men,"rgb(62,76,82)"
Sex,41,4,0,men,"rgb(62,76,82)"
Sex,42,4,1,men,"rgb(62,76,82)"
Sex,43,4,2,men,"rgb(62,76,82)"
Sex,44,4,3,men,"rgb(62,76,82)"
Sex,45,4,4,men,"rgb(62,76,82)"
Sex,46,4,5,men,"rgb(62,76,82)"
Sex,47,4,6,men,"rgb(62,76,82)"
Sex,48,4,7,men,"rgb(62,76,82)"
Sex,49,4,8,men,"rgb(62,76,82)"
Sex,50,4,9,men,"rgb(62,76,82)"
Sex,51,5,0,men,"rgb(62,76,82)"
Sex,52,5,1,men,"rgb(62,76,82)"
Sex,53,5,2,men,"rgb(62,76,82)"
Sex,54,5,3,men,"rgb(62,76,82)"
Sex,55,5,4,men,"rgb(62,76,82)"
Sex,56,5,5,men,"rgb(62,76,82)"
Sex,57,5,6,men,"rgb(62,76,82)"
Sex,58,5,7,men,"rgb(62,76,82)"
Sex,59,5,8,men,"rgb(62,76,82)"
Sex,60,5,9,men,"rgb(62,76,82)"
Sex,61,6,0,men,"rgb(62,76,82)"
Sex,62,6,1,men,"rgb(62,76,82)"
Sex,63,6,2,men,"rgb(62,76,82)"
Sex,64,6,3,men,"rgb(62,76,82)"
Sex,65,6,4,men,"rgb(62,76,82)"
Sex,66,6,5,men,"rgb(62,76,82)"
Sex,67,6,6,women,"rgb(181,71,46)"
Sex,68,6,7,women,"rgb(181,71,46)"
Sex,69,6,8,women,"rgb(181,71,46)"
Sex,70,6,9,women,"rgb(181,71,46)"
Sex,71,7,0,women,"rgb(181,71,46)"
Sex,72,7,1,women,"rgb(181,71,46)"
Sex,73,7,2,women,"rgb(181,71,46)"
Sex,74,7,3,women,"rgb(181,71,46)"
Sex,75,7,4,women,"rgb(181,71,46)"
Sex,76,7,5,women,"rgb(181,71,46)"
Sex,77,7,6,women,"rgb(181,71,46)"
Sex,78,7,7,women,"rgb(181,71,46)"
Sex,79,7,8,women,"rgb(181,71,46)"
Sex,80,7,9,women,"rgb(181,71,46)"
Sex,81,8,0,women,"rgb(181,71,46)"
Sex,82,8,1,women,"rgb(181,71,46)"
Sex,83,8,2,women,"rgb(181,71,46)"
Sex,84,8,3,women,"rgb(181,71,46)"
Sex,85,8,4,women,"rgb(181,71,46)"
Sex,86,8,5,women,"rgb(181,71,46)"
Sex,87,8,6,women,"rgb(181,71,46)"
Sex,88,8,7,women,"rgb(181,71,46)"
Sex,89,8,8,women,"rgb(181,71,46)"
Sex,90,8,9,women,"rgb(181,71,46)"
Sex,91,9,0,women,"rgb(181,71,46)"
Sex,92,9,1,women,"rgb(181,71,46)"
Sex,93,9,2,women,"rgb(181,71,46)"
Sex,94,9,3,women,"rgb(181,71,46)"
Sex,95,9,4,women,"rgb(181,71,46)"
Sex,96,9,5,women,"rgb(181,71,46)"
Sex,97,9,6,women,"rgb(181,71,46)"
Sex,98,9,7,women,"rgb(181,71,46)"
Sex,99,9,8,women,"rgb(181,71,46)"
Sex,100,9,9,women,"rgb(181,71,46)"
Age,1,0,0,15-24,"rgb(181,71,46)"
Age,2,0,1,15-24,"rgb(181,71,46)"
Age,3,0,2,15-24,"rgb(181,71,46)"
Age,4,0,3,15-24,"rgb(181,71,46)"
Age,5,0,4,15-24,"rgb(181,71,46)"
Age,6,0,5,15-24,"rgb(181,71,46)"
Age,7,0,6,15-24,"rgb(181,71,46)"
Age,8,0,7,15-24,"rgb(181,71,46)"
Age,9,0,8,15-24,"rgb(181,71,46)"
Age,10,0,9,15-24,"rgb(181,71,46)"
Age,11,1,0,15-24,"rgb(181,71,46)"
Age,12,1,1,15-24,"rgb(181,71,46)"
Age,13,1,2,15-24,"rgb(181,71,46)"
Age,14,1,3,15-24,"rgb(181,71,46)"
Age,15,1,4,15-24,"rgb(181,71,46)"
Age,16,1,5,15-24,"rgb(181,71,46)"
Age,17,1,6,15-24,"rgb(181,71,46)"
Age,18,1,7,15-24,"rgb(181,71,46)"
Age,19,1,8,15-24,"rgb(181,71,46)"
Age,20,1,9,15-24,"rgb(181,71,46)"
Age,21,2,0,15-24,"rgb(181,71,46)"
Age,22,2,1,15-24,"rgb(181,71,46)"
Age,23,2,2,15-24,"rgb(181,71,46)"
Age,24,2,3,15-24,"rgb(181,71,46)"
Age,25,2,4,15-24,"rgb(181,71,46)"
Age,26,2,5,15-24,"rgb(181,71,46)"
Age,27,2,6,15-24,"rgb(181,71,46)"
Age,28,2,7,15-24,"rgb(181,71,46)"
Age,29,2,8,15-24,"rgb(181,71,46)"
Age,30,2,9,15-24,"rgb(181,71,46)"
Age,31,3,0,15-24,"rgb(181,71,46)"
Age,32,3,1,15-24,"rgb(181,71,46)"
Age,33,3,2,15-24,"rgb(181,71,46)"
Age,34,3,3,15-24,"rgb(181,71,46)"
Age,35,3,4,15-24,"rgb(181,71,46)"
Age,36,3,5,25-29,"rgb(194,120,92)"
Age,37,3,6,25-29,"rgb(194,120,92)"
Age,38,3,7,25-29,"rgb(194,120,92)"
Age,39,3,8,25-29,"rgb(194,120,92)"
Age,40,3,9,25-29,"rgb(194,120,92)"
Age,41,4,0,25-29,"rgb(194,120,92)"
Age,42,4,1,25-29,"rgb(194,120,92)"
Age,43,4,2,25-29,"rgb(194,120,92)"
Age,44,4,3,25-29,"rgb(194,120,92)"
Age,45,4,4,25-29,"rgb(194,120,92)"
Age,46,4,5,25-29,"rgb(194,120,92)"
Age,47,4,6,25-29,"rgb(194,120,92)"
Age,48,4,7,25-29,"rgb(194,120,92)"
Age,49,4,8,25-29,"rgb(194,120,92)"
Age,50,4,9,25-29,"rgb(194,120,92)"
Age,51,5,0,25-29,"rgb(194,120,92)"
Age,52,5,1,25-29,"rgb(194,120,92)"
Age,53,5,2,25-29,"rgb(194,120,92)"
Age,54,5,3,25-29,"rgb(194,120,92)"
Age,55,5,4,25-29,"rgb(194,120,92)"
Age,56,5,5,25-29,"rgb(194,120,92)"
Age,57,5,6,25-29,"rgb(194,120,92)"
Age,58,5,7,25-29,"rgb(194,120,92)"
Age,59,5,8,25-29,"rgb(194,120,92)"
Age,60,5,9,25-29,"rgb(194,120,92)"
Age,61,6,0,25-29,"rgb(194,120,92)"
Age,62,6,1,25-29,"rgb(194,120,92)"
Age,63,6,2,25-29,"rgb(194,120,92)"
Age,64,6,3,25-29,"rgb(194,120,92)"
Age,65,6,4,25-29,"rgb(194,120,92)"
Age,66,6,5,30-39,"rgb(62,76,82)"
Age,67,6,6,30-39,"rgb(62,76,82)"
Age,68,6,7,30-39,"rgb(62,76,82)"
Age,69,6,8,30-39,"rgb(62,76,82)"
Age,70,6,9,30-39,"rgb(62,76,82)"
Age,71,7,0,30-39,"rgb(62,76,82)"
Age,72,7,1,30-39,"rgb(62,76,82)"
Age,73,7,2,30-39,"rgb(62,76,82)"
Age,74,7,3,30-39,"rgb(62,76,82)"
Age,75,7,4,30-39,"rgb(62,76,82)"
Age,76,7,5,30-39,"rgb(62,76,82)"
Age,77,7,6,30-39,"rgb(62,76,82)"
Age,78,7,7,30-39,"rgb(62,76,82)"
Age,79,7,8,30-39,"rgb(62,76,82)"
Age,80,7,9,30-39,"rgb(62,76,82)"
Age,81,8,0,30-39,"rgb(62,76,82)"
Age,82,8,1,30-39,"rgb(62,76,82)"
Age,83,8,2,30-39,"rgb(62,76,82)"
Age,84,8,3,30-39,"rgb(62,76,82)"
Age,85,8,4,30-39,"rgb(62,76,82)"
Age,86,8,5,30-39,"rgb(62,76,82)"
Age,87,8,6,30-39,"rgb(62,76,82)"
Age,88,8,7,30-39,"rgb(62,76,82)"
Age,89,8,8,30-39,"rgb(62,76,82)"
Age,90,8,9,30-39,"rgb(62,76,82)"
Age,91,9,0,40+,"rgb(216,200,168)"
Age,92,9,1,40+,"rgb(216,200,168)"
Age,93,9,2,40+,"rgb(216,200,168)"
Age,94,9,3,40+,"rgb(216,200,168)"
Age,95,9,4,40+,"rgb(216,200,168)"
Age,96,9,5,40+,"rgb(216,200,168)"
Age,97,9,6,40+,"rgb(216,200,168)"
Age,98,9,7,40+,"rgb(216,200,168)"
Age,99,9,8,40+,"rgb(216,200,168)"
Age,100,9,9,40+,"rgb(216,200,168)"
Education,1,0,0,Bachelor+,"rgb(110,36,23)"
Education,2,0,1,Bachelor+,"rgb(110,36,23)"
Education,3,0,2,Bachelor+,"rgb(110,36,23)"
Education,4,0,3,Bachelor+,"rgb(110,36,23)"
Education,5,0,4,Bachelor+,"rgb(110,36,23)"
Education,6,0,5,Bachelor+,"rgb(110,36,23)"
Education,7,0,6,Bachelor+,"rgb(110,36,23)"
Education,8,0,7,Bachelor+,"rgb(110,36,23)"
Education,9,0,8,Bachelor+,"rgb(110,36,23)"
Education,10,0,9,Bachelor+,"rgb(110,36,23)"
Education,11,1,0,Bachelor+,"rgb(110,36,23)"
Education,12,1,1,Bachelor+,"rgb(110,36,23)"
Education,13,1,2,Bachelor+,"rgb(110,36,23)"
Education,14,1,3,Bachelor+,"rgb(110,36,23)"
Education,15,1,4,Bachelor+,"rgb(110,36,23)"
Education,16,1,5,Bachelor+,"rgb(110,36,23)"
Education,17,1,6,Bachelor+,"rgb(110,36,23)"
Education,18,1,7,Bachelor+,"rgb(110,36,23)"
Education,19,1,8,Bachelor+,"rgb(110,36,23)"
Education,20,1,9,Bachelor+,"rgb(110,36,23)"
Education,21,2,0,Bachelor+,"rgb(110,36,23)"
Education,22,2,1,Bachelor+,"rgb(110,36,23)"
Education,23,2,2,Bachelor+,"rgb(110,36,23)"
Education,24,2,3,Bachelor+,"rgb(110,36,23)"
Education,25,2,4,Bachelor+,"rgb(110,36,23)"
Education,26,2,5,Bachelor+,"rgb(110,36,23)"
Education,27,2,6,Bachelor+,"rgb(110,36,23)"
Education,28,2,7,Bachelor+,"rgb(110,36,23)"
Education,29,2,8,Bachelor+,"rgb(110,36,23)"
Education,30,2,9,Bachelor+,"rgb(110,36,23)"
Education,31,3,0,Bachelor+,"rgb(110,36,23)"
Education,32,3,1,Bachelor+,"rgb(110,36,23)"
Education,33,3,2,Bachelor+,"rgb(110,36,23)"
Education,34,3,3,Bachelor+,"rgb(110,36,23)"
Education,35,3,4,Bachelor+,"rgb(110,36,23)"
Education,36,3,5,Bachelor+,"rgb(110,36,23)"
Education,37,3,6,Bachelor+,"rgb(110,36,23)"
Education,38,3,7,Bachelor+,"rgb(110,36,23)"
Education,39,3,8,Bachelor+,"rgb(110,36,23)"
Education,40,3,9,Bachelor+,"rgb(110,36,23)"
Education,41,4,0,Bachelor+,"rgb(110,36,23)"
Education,42,4,1,Bachelor+,"rgb(110,36,23)"
Education,43,4,2,Bachelor+,"rgb(110,36,23)"
Education,44,4,3,Bachelor+,"rgb(110,36,23)"
Education,45,4,4,Bachelor+,"rgb(110,36,23)"
Education,46,4,5,Diploma,"rgb(181,71,46)"
Education,47,4,6,Diploma,"rgb(181,71,46)"
Education,48,4,7,Diploma,"rgb(181,71,46)"
Education,49,4,8,Diploma,"rgb(181,71,46)"
Education,50,4,9,Diploma,"rgb(181,71,46)"
Education,51,5,0,Diploma,"rgb(181,71,46)"
Education,52,5,1,Diploma,"rgb(181,71,46)"
Education,53,5,2,Diploma,"rgb(181,71,46)"
Education,54,5,3,Secondary,"rgb(62,76,82)"
Education,55,5,4,Secondary,"rgb(62,76,82)"
Education,56,5,5,Secondary,"rgb(62,76,82)"
Education,57,5,6,Secondary,"rgb(62,76,82)"
Education,58,5,7,Secondary,"rgb(62,76,82)"
Education,59,5,8,Secondary,"rgb(62,76,82)"
Education,60,5,9,Secondary,"rgb(62,76,82)"
Education,61,6,0,Secondary,"rgb(62,76,82)"
Education,62,6,1,Below,"rgb(216,200,168)"
Education,63,6,2,Below,"rgb(216,200,168)"
Education,64,6,3,Below,"rgb(216,200,168)"
Education,65,6,4,Below,"rgb(216,200,168)"
Education,66,6,5,Below,"rgb(216,200,168)"
Education,67,6,6,Below,"rgb(216,200,168)"
Education,68,6,7,Below,"rgb(216,200,168)"
Education,69,6,8,Below,"rgb(216,200,168)"
Education,70,6,9,Below,"rgb(216,200,168)"
Education,71,7,0,Below,"rgb(216,200,168)"
Education,72,7,1,Below,"rgb(216,200,168)"
Education,73,7,2,Below,"rgb(216,200,168)"
Education,74,7,3,Below,"rgb(216,200,168)"
Education,75,7,4,Below,"rgb(216,200,168)"
Education,76,7,5,Below,"rgb(216,200,168)"
Education,77,7,6,Below,"rgb(216,200,168)"
Education,78,7,7,Below,"rgb(216,200,168)"
Education,79,7,8,Below,"rgb(216,200,168)"
Education,80,7,9,Below,"rgb(216,200,168)"
Education,81,8,0,Below,"rgb(216,200,168)"
Education,82,8,1,Below,"rgb(216,200,168)"
Education,83,8,2,Below,"rgb(216,200,168)"
Education,84,8,3,Below,"rgb(216,200,168)"
Education,85,8,4,Below,"rgb(216,200,168)"
Education,86,8,5,Below,"rgb(216,200,168)"
Education,87,8,6,Below,"rgb(216,200,168)"
Education,88,8,7,Below,"rgb(216,200,168)"
Education,89,8,8,Below,"rgb(216,200,168)"
Education,90,8,9,Below,"rgb(216,200,168)"
Education,91,9,0,Below,"rgb(216,200,168)"
Education,92,9,1,Below,"rgb(216,200,168)"
Education,93,9,2,Below,"rgb(216,200,168)"
Education,94,9,3,Below,"rgb(216,200,168)"
Education,95,9,4,Below,"rgb(216,200,168)"
Education,96,9,5,Below,"rgb(216,200,168)"
Education,97,9,6,Below,"rgb(216,200,168)"
Education,98,9,7,Below,"rgb(216,200,168)"
Education,99,9,8,Below,"rgb(216,200,168)"
Education,100,9,9,Below,"rgb(216,200,168)"
