Key,Value,Label,Basis,Source
AllRes,16.1,"All residents, Q2 2026",DoS published,unemp_Q2_2026_en.pdf item 1
Jord,21.0,"Jordanians 15+, Q2 2026",DoS published,unemp_Q2_2026_en.pdf Second: Unemployment among Jordanians
JordWomen,30.3,"Jordanian women, Q2 2026",DoS published,unemp_Q2_2026_en.pdf
NonJord,8.2,"Non-Jordanian residents, Q2 2026",DoS published,unemp_Q2_2026_en.pdf item 8
ExpatShare,42.2,"Expatriate workers share of employed, Q2 2026",DoS published,unemp_Q2_2026_en.pdf
PartW,14.7,"Participation Jordanian women, Q2 2026",DoS published,unemp_Q2_2026_en.pdf
PartM,53.6,"Participation Jordanian men, Q2 2026",DoS published,unemp_Q2_2026_en.pdf
MenRate,17.95,Jordanian men 2025 annual,Derived from DoS counts,PxWeb EMPALL1/EMPALL
WomenRate,33.21,Jordanian women 2025 annual,Derived from DoS counts,PxWeb EMPALL1/EMPALL
Youth1524,47.2,"Jordanians 15-24, 2025 annual",Derived from DoS counts (small base),PxWeb age bands
Age24Plus,18.0,"Jordanians 24+, Q2 2026",DoS published,unemp_Q2_2026_en.pdf
MaanQ2,33.2,"Ma'an Jordanians, Q2 2026",DoS published,unemp_Q2_2026_en.pdf
