Lens,GroupOrder,Group,Label,Count,Rgb,TextRgb,MidY
Sex,1,men,are men,66,"rgb(62,76,82)","rgb(52,61,65)",92.2
Sex,2,women,are women,34,"rgb(181,71,46)","rgb(135,58,40)",237.2
Age,1,15-24,aged 15-24,35,"rgb(181,71,46)","rgb(135,58,40)",47.2
Age,2,25-29,aged 25-29,30,"rgb(194,120,92)","rgb(144,92,72)",141.5
Age,3,30-39,aged 30-39,25,"rgb(62,76,82)","rgb(52,61,65)",221.2
Age,4,40+,aged 40 and over,10,"rgb(216,200,168)","rgb(160,148,125)",272.0
Education,1,Bachelor+,bachelor or higher,45,"rgb(110,36,23)","rgb(85,33,24)",61.8
Education,2,Diploma,diploma,8,"rgb(181,71,46)","rgb(135,58,40)",138.6
Education,3,Secondary,secondary,8,"rgb(62,76,82)","rgb(52,61,65)",186.6
Education,4,Below,below secondary,39,"rgb(216,200,168)","rgb(160,148,125)",234.6
