Year,Quarter,Jordanian_rate,Jordanian_male,Jordanian_female,Source,Population
2020,1,19.3,18.1,24.4,DoS post Q1 2020,Jordanian citizens (15+)
2020,2,23.0,21.5,28.6,DoS post Q2 2020,Jordanian citizens (15+)
2020,3,23.9,21.2,33.6,DoS post Q3 2020,Jordanian citizens (15+)
2020,4,24.7,22.6,32.8,Emp_Q4_2020.pdf,Jordanian citizens (15+)
2021,1,25.0,,,"chart label, Q1 2024 bulletin Fig.1",Jordanian citizens (15+)
2021,2,24.8,22.7,,title / Q2 2026 text (male),Jordanian citizens (15+)
2021,3,23.2,21.2,30.8,Q3_2021.pdf,Jordanian citizens (15+)
2021,4,23.3,21.4,30.7,Q4_2021.pdf,Jordanian citizens (15+)
2022,1,22.8,20.5,31.5,Emp_Q12022.pdf,Jordanian citizens (15+)
2022,2,22.6,20.7,29.4,Emp_Q2_2022.pdf,Jordanian citizens (15+)
2022,3,23.1,20.5,,Emp_Q32022.pdf / series,Jordanian citizens (15+)
2022,4,22.9,20.6,,Q4_e_2023 comparison / series,Jordanian citizens (15+)
2023,1,21.9,19.6,,"series, Q1-Q3 2025/26 bulletins",Jordanian citizens (15+)
2023,2,22.3,20.0,,series,Jordanian citizens (15+)
2023,3,22.3,19.8,31.7,unemp_Q3_2023_en.pdf,Jordanian citizens (15+)
2023,4,21.4,18.9,29.8,unemp_Q4_e_2023.pdf,Jordanian citizens (15+)
2024,1,21.4,17.4,34.7,unemp_Q1_2024_en.pdf,Jordanian citizens (15+)
2024,2,21.4,18.9,,series / Q2 2024 title,Jordanian citizens (15+)
2024,3,21.5,18.3,,series / Q3 2024,Jordanian citizens (15+)
2024,4,21.3,18.2,32.2,Q4_25 comparisons,Jordanian citizens (15+)
2025,1,21.3,18.6,31.2,unemp_Q1_en_2025.pdf,Jordanian citizens (15+)
2025,2,21.3,18.1,32.8,"implied, see evidence",Jordanian citizens (15+)
2025,3,21.4,18.0,33.9,unemp_Q3_2025_en.pdf,Jordanian citizens (15+)
2025,4,21.2,17.2,34.8,unemp_Q4_2025_en.pdf,Jordanian citizens (15+)
2026,1,21.1,17.9,32.7,unemp_Q1_2026_en.pdf,Jordanian citizens (15+)
2026,2,21.0,18.5,30.3,unemp_Q2_2026_en.pdf,Jordanian citizens (15+)
