breakdown,code,year,unemployed,employed,labour_force,rate_pct,population,derivation
TOTAL,ALL,2017,329114,1465746,1794860,18.34,Jordanian citizens aged 15+,"rate = unemployed/(unemployed+employed) from official DoS annual person counts; DERIVED, not a published rate"
TOTAL,ALL,2018,322983,1411265,1734248,18.62,Jordanian citizens aged 15+,"rate = unemployed/(unemployed+employed) from official DoS annual person counts; DERIVED, not a published rate"
TOTAL,ALL,2019,324282,1377905,1702187,19.05,Jordanian citizens aged 15+,"rate = unemployed/(unemployed+employed) from official DoS annual person counts; DERIVED, not a published rate"
TOTAL,ALL,2020,404105,1338308,1742413,23.19,Jordanian citizens aged 15+,"rate = unemployed/(unemployed+employed) from official DoS annual person counts; DERIVED, not a published rate"
TOTAL,ALL,2021,435549,1371932,1807481,24.1,Jordanian citizens aged 15+,"rate = unemployed/(unemployed+employed) from official DoS annual person counts; DERIVED, not a published rate"
TOTAL,ALL,2022,419837,1418821,1838658,22.83,Jordanian citizens aged 15+,"rate = unemployed/(unemployed+employed) from official DoS annual person counts; DERIVED, not a published rate"
TOTAL,ALL,2023,418365,1485675,1904040,21.97,Jordanian citizens aged 15+,"rate = unemployed/(unemployed+employed) from official DoS annual person counts; DERIVED, not a published rate"
TOTAL,ALL,2024,429682,1576448,2006130,21.42,Jordanian citizens aged 15+,"rate = unemployed/(unemployed+employed) from official DoS annual person counts; DERIVED, not a published rate"
TOTAL,ALL,2025,431675,1594162,2025837,21.31,Jordanian citizens aged 15+,"rate = unemployed/(unemployed+employed) from official DoS annual person counts; DERIVED, not a published rate"
SEX,F,2017,123024,270952,393976,31.23,Jordanian citizens aged 15+,"rate = unemployed/(unemployed+employed) from official DoS annual person counts; DERIVED, not a published rate"
SEX,F,2018,97272,265382,362654,26.82,Jordanian citizens aged 15+,"rate = unemployed/(unemployed+employed) from official DoS annual person counts; DERIVED, not a published rate"
SEX,F,2019,92170,249702,341872,26.96,Jordanian citizens aged 15+,"rate = unemployed/(unemployed+employed) from official DoS annual person counts; DERIVED, not a published rate"
SEX,F,2020,110595,250152,360747,30.66,Jordanian citizens aged 15+,"rate = unemployed/(unemployed+employed) from official DoS annual person counts; DERIVED, not a published rate"
SEX,F,2021,114308,257354,371662,30.76,Jordanian citizens aged 15+,"rate = unemployed/(unemployed+employed) from official DoS annual person counts; DERIVED, not a published rate"
SEX,F,2022,121202,265107,386309,31.37,Jordanian citizens aged 15+,"rate = unemployed/(unemployed+employed) from official DoS annual person counts; DERIVED, not a published rate"
SEX,F,2023,125577,283103,408680,30.73,Jordanian citizens aged 15+,"rate = unemployed/(unemployed+employed) from official DoS annual person counts; DERIVED, not a published rate"
SEX,F,2024,144352,295017,439369,32.85,Jordanian citizens aged 15+,"rate = unemployed/(unemployed+employed) from official DoS annual person counts; DERIVED, not a published rate"
SEX,F,2025,148096,297871,445967,33.21,Jordanian citizens aged 15+,"rate = unemployed/(unemployed+employed) from official DoS annual person counts; DERIVED, not a published rate"
SEX,M,2017,206090,1194794,1400884,14.71,Jordanian citizens aged 15+,"rate = unemployed/(unemployed+employed) from official DoS annual person counts; DERIVED, not a published rate"
SEX,M,2018,225711,1145882,1371593,16.46,Jordanian citizens aged 15+,"rate = unemployed/(unemployed+employed) from official DoS annual person counts; DERIVED, not a published rate"
SEX,M,2019,232112,1128204,1360316,17.06,Jordanian citizens aged 15+,"rate = unemployed/(unemployed+employed) from official DoS annual person counts; DERIVED, not a published rate"
SEX,M,2020,293510,1088156,1381666,21.24,Jordanian citizens aged 15+,"rate = unemployed/(unemployed+employed) from official DoS annual person counts; DERIVED, not a published rate"
SEX,M,2021,321241,1114578,1435819,22.37,Jordanian citizens aged 15+,"rate = unemployed/(unemployed+employed) from official DoS annual person counts; DERIVED, not a published rate"
SEX,M,2022,298634,1153713,1452347,20.56,Jordanian citizens aged 15+,"rate = unemployed/(unemployed+employed) from official DoS annual person counts; DERIVED, not a published rate"
SEX,M,2023,292788,1202572,1495360,19.58,Jordanian citizens aged 15+,"rate = unemployed/(unemployed+employed) from official DoS annual person counts; DERIVED, not a published rate"
SEX,M,2024,285330,1281431,1566761,18.21,Jordanian citizens aged 15+,"rate = unemployed/(unemployed+employed) from official DoS annual person counts; DERIVED, not a published rate"
SEX,M,2025,283579,1296292,1579871,17.95,Jordanian citizens aged 15+,"rate = unemployed/(unemployed+employed) from official DoS annual person counts; DERIVED, not a published rate"
AGE,A1519,2017,27771,46397,74168,37.44,Jordanian citizens aged 15+,"rate = unemployed/(unemployed+employed) from official DoS annual person counts; DERIVED, not a published rate"
AGE,A1519,2018,28806,33452,62258,46.27,Jordanian citizens aged 15+,"rate = unemployed/(unemployed+employed) from official DoS annual person counts; DERIVED, not a published rate"
AGE,A1519,2019,25647,27462,53109,48.29,Jordanian citizens aged 15+,"rate = unemployed/(unemployed+employed) from official DoS annual person counts; DERIVED, not a published rate"
AGE,A1519,2020,26850,21402,48252,55.65,Jordanian citizens aged 15+,"rate = unemployed/(unemployed+employed) from official DoS annual person counts; DERIVED, not a published rate"
AGE,A1519,2021,29624,19006,48630,60.92,Jordanian citizens aged 15+,"rate = unemployed/(unemployed+employed) from official DoS annual person counts; DERIVED, not a published rate"
AGE,A1519,2022,24113,21168,45281,53.25,Jordanian citizens aged 15+,"rate = unemployed/(unemployed+employed) from official DoS annual person counts; DERIVED, not a published rate"
AGE,A1519,2023,27164,21016,48180,56.38,Jordanian citizens aged 15+,"rate = unemployed/(unemployed+employed) from official DoS annual person counts; DERIVED, not a published rate"
AGE,A1519,2024,27548,21079,48627,56.65,Jordanian citizens aged 15+,"rate = unemployed/(unemployed+employed) from official DoS annual person counts; DERIVED, not a published rate"
AGE,A1519,2025,27162,21707,48869,55.58,Jordanian citizens aged 15+,"rate = unemployed/(unemployed+employed) from official DoS annual person counts; DERIVED, not a published rate"
AGE,A2024,2017,120195,202209,322404,37.28,Jordanian citizens aged 15+,"rate = unemployed/(unemployed+employed) from official DoS annual person counts; DERIVED, not a published rate"
AGE,A2024,2018,111528,183850,295378,37.76,Jordanian citizens aged 15+,"rate = unemployed/(unemployed+employed) from official DoS annual person counts; DERIVED, not a published rate"
AGE,A2024,2019,114107,177044,291151,39.19,Jordanian citizens aged 15+,"rate = unemployed/(unemployed+employed) from official DoS annual person counts; DERIVED, not a published rate"
AGE,A2024,2020,122183,153569,275752,44.31,Jordanian citizens aged 15+,"rate = unemployed/(unemployed+employed) from official DoS annual person counts; DERIVED, not a published rate"
AGE,A2024,2021,134902,150263,285165,47.31,Jordanian citizens aged 15+,"rate = unemployed/(unemployed+employed) from official DoS annual person counts; DERIVED, not a published rate"
AGE,A2024,2022,137184,160895,298079,46.02,Jordanian citizens aged 15+,"rate = unemployed/(unemployed+employed) from official DoS annual person counts; DERIVED, not a published rate"
AGE,A2024,2023,130304,164039,294343,44.27,Jordanian citizens aged 15+,"rate = unemployed/(unemployed+employed) from official DoS annual person counts; DERIVED, not a published rate"
AGE,A2024,2024,129706,158858,288564,44.95,Jordanian citizens aged 15+,"rate = unemployed/(unemployed+employed) from official DoS annual person counts; DERIVED, not a published rate"
AGE,A2024,2025,126716,150255,276971,45.75,Jordanian citizens aged 15+,"rate = unemployed/(unemployed+employed) from official DoS annual person counts; DERIVED, not a published rate"
AGE,A2529,2017,80216,236469,316685,25.33,Jordanian citizens aged 15+,"rate = unemployed/(unemployed+employed) from official DoS annual person counts; DERIVED, not a published rate"
AGE,A2529,2018,83967,238656,322623,26.03,Jordanian citizens aged 15+,"rate = unemployed/(unemployed+employed) from official DoS annual person counts; DERIVED, not a published rate"
AGE,A2529,2019,96286,235166,331452,29.05,Jordanian citizens aged 15+,"rate = unemployed/(unemployed+employed) from official DoS annual person counts; DERIVED, not a published rate"
AGE,A2529,2020,114061,226186,340247,33.52,Jordanian citizens aged 15+,"rate = unemployed/(unemployed+employed) from official DoS annual person counts; DERIVED, not a published rate"
AGE,A2529,2021,127646,240633,368279,34.66,Jordanian citizens aged 15+,"rate = unemployed/(unemployed+employed) from official DoS annual person counts; DERIVED, not a published rate"
AGE,A2529,2022,123776,256700,380476,32.53,Jordanian citizens aged 15+,"rate = unemployed/(unemployed+employed) from official DoS annual person counts; DERIVED, not a published rate"
AGE,A2529,2023,118398,262357,380755,31.1,Jordanian citizens aged 15+,"rate = unemployed/(unemployed+employed) from official DoS annual person counts; DERIVED, not a published rate"
AGE,A2529,2024,119177,273839,393016,30.32,Jordanian citizens aged 15+,"rate = unemployed/(unemployed+employed) from official DoS annual person counts; DERIVED, not a published rate"
AGE,A2529,2025,129190,274126,403316,32.03,Jordanian citizens aged 15+,"rate = unemployed/(unemployed+employed) from official DoS annual person counts; DERIVED, not a published rate"
AGE,A3039,2017,62293,447290,509583,12.22,Jordanian citizens aged 15+,"rate = unemployed/(unemployed+employed) from official DoS annual person counts; DERIVED, not a published rate"
AGE,A3039,2018,58451,431101,489552,11.94,Jordanian citizens aged 15+,"rate = unemployed/(unemployed+employed) from official DoS annual person counts; DERIVED, not a published rate"
AGE,A3039,2019,56091,419520,475611,11.79,Jordanian citizens aged 15+,"rate = unemployed/(unemployed+employed) from official DoS annual person counts; DERIVED, not a published rate"
AGE,A3039,2020,79937,413791,493728,16.19,Jordanian citizens aged 15+,"rate = unemployed/(unemployed+employed) from official DoS annual person counts; DERIVED, not a published rate"
AGE,A3039,2021,90419,411155,501574,18.03,Jordanian citizens aged 15+,"rate = unemployed/(unemployed+employed) from official DoS annual person counts; DERIVED, not a published rate"
AGE,A3039,2022,93463,422073,515536,18.13,Jordanian citizens aged 15+,"rate = unemployed/(unemployed+employed) from official DoS annual person counts; DERIVED, not a published rate"
AGE,A3039,2023,95631,461779,557410,17.16,Jordanian citizens aged 15+,"rate = unemployed/(unemployed+employed) from official DoS annual person counts; DERIVED, not a published rate"
AGE,A3039,2024,108471,499937,608408,17.83,Jordanian citizens aged 15+,"rate = unemployed/(unemployed+employed) from official DoS annual person counts; DERIVED, not a published rate"
AGE,A3039,2025,106409,521622,628031,16.94,Jordanian citizens aged 15+,"rate = unemployed/(unemployed+employed) from official DoS annual person counts; DERIVED, not a published rate"
AGE,A4049,2017,28861,336622,365483,7.9,Jordanian citizens aged 15+,"rate = unemployed/(unemployed+employed) from official DoS annual person counts; DERIVED, not a published rate"
AGE,A4049,2018,31168,330811,361979,8.61,Jordanian citizens aged 15+,"rate = unemployed/(unemployed+employed) from official DoS annual person counts; DERIVED, not a published rate"
AGE,A4049,2019,25624,336662,362286,7.07,Jordanian citizens aged 15+,"rate = unemployed/(unemployed+employed) from official DoS annual person counts; DERIVED, not a published rate"
AGE,A4049,2020,46020,341689,387709,11.87,Jordanian citizens aged 15+,"rate = unemployed/(unemployed+employed) from official DoS annual person counts; DERIVED, not a published rate"
AGE,A4049,2021,44272,350670,394942,11.21,Jordanian citizens aged 15+,"rate = unemployed/(unemployed+employed) from official DoS annual person counts; DERIVED, not a published rate"
AGE,A4049,2022,35119,350916,386035,9.1,Jordanian citizens aged 15+,"rate = unemployed/(unemployed+employed) from official DoS annual person counts; DERIVED, not a published rate"
AGE,A4049,2023,37285,362505,399790,9.33,Jordanian citizens aged 15+,"rate = unemployed/(unemployed+employed) from official DoS annual person counts; DERIVED, not a published rate"
AGE,A4049,2024,36832,396977,433809,8.49,Jordanian citizens aged 15+,"rate = unemployed/(unemployed+employed) from official DoS annual person counts; DERIVED, not a published rate"
AGE,A4049,2025,34156,405834,439990,7.76,Jordanian citizens aged 15+,"rate = unemployed/(unemployed+employed) from official DoS annual person counts; DERIVED, not a published rate"
AGE,A5059,2017,9402,153473,162875,5.77,Jordanian citizens aged 15+,"rate = unemployed/(unemployed+employed) from official DoS annual person counts; DERIVED, not a published rate"
AGE,A5059,2018,8915,154974,163889,5.44,Jordanian citizens aged 15+,"rate = unemployed/(unemployed+employed) from official DoS annual person counts; DERIVED, not a published rate"
AGE,A5059,2019,5796,147484,153280,3.78,Jordanian citizens aged 15+,"rate = unemployed/(unemployed+employed) from official DoS annual person counts; DERIVED, not a published rate"
AGE,A5059,2020,13821,147052,160873,8.59,Jordanian citizens aged 15+,"rate = unemployed/(unemployed+employed) from official DoS annual person counts; DERIVED, not a published rate"
AGE,A5059,2021,8234,162238,170472,4.83,Jordanian citizens aged 15+,"rate = unemployed/(unemployed+employed) from official DoS annual person counts; DERIVED, not a published rate"
AGE,A5059,2022,5736,166894,172630,3.32,Jordanian citizens aged 15+,"rate = unemployed/(unemployed+employed) from official DoS annual person counts; DERIVED, not a published rate"
AGE,A5059,2023,9166,175095,184261,4.97,Jordanian citizens aged 15+,"rate = unemployed/(unemployed+employed) from official DoS annual person counts; DERIVED, not a published rate"
AGE,A5059,2024,7057,181128,188185,3.75,Jordanian citizens aged 15+,"rate = unemployed/(unemployed+employed) from official DoS annual person counts; DERIVED, not a published rate"
AGE,A5059,2025,6777,178393,185170,3.66,Jordanian citizens aged 15+,"rate = unemployed/(unemployed+employed) from official DoS annual person counts; DERIVED, not a published rate"
AGE,A60M,2017,376,43285,43661,0.86,Jordanian citizens aged 15+,"rate = unemployed/(unemployed+employed) from official DoS annual person counts; DERIVED, not a published rate"
AGE,A60M,2018,147,38420,38567,0.38,Jordanian citizens aged 15+,"rate = unemployed/(unemployed+employed) from official DoS annual person counts; DERIVED, not a published rate"
AGE,A60M,2019,732,34569,35301,2.07,Jordanian citizens aged 15+,"rate = unemployed/(unemployed+employed) from official DoS annual person counts; DERIVED, not a published rate"
AGE,A60M,2020,1232,34619,35851,3.44,Jordanian citizens aged 15+,"rate = unemployed/(unemployed+employed) from official DoS annual person counts; DERIVED, not a published rate"
AGE,A60M,2021,453,37967,38420,1.18,Jordanian citizens aged 15+,"rate = unemployed/(unemployed+employed) from official DoS annual person counts; DERIVED, not a published rate"
AGE,A60M,2022,445,40174,40619,1.1,Jordanian citizens aged 15+,"rate = unemployed/(unemployed+employed) from official DoS annual person counts; DERIVED, not a published rate"
AGE,A60M,2023,416,38883,39299,1.06,Jordanian citizens aged 15+,"rate = unemployed/(unemployed+employed) from official DoS annual person counts; DERIVED, not a published rate"
AGE,A60M,2024,890,44630,45520,1.96,Jordanian citizens aged 15+,"rate = unemployed/(unemployed+employed) from official DoS annual person counts; DERIVED, not a published rate"
AGE,A60M,2025,1265,42227,43492,2.91,Jordanian citizens aged 15+,"rate = unemployed/(unemployed+employed) from official DoS annual person counts; DERIVED, not a published rate"
EDU,1,2017,2640,13766,16406,16.09,Jordanian citizens aged 15+,"rate = unemployed/(unemployed+employed) from official DoS annual person counts; DERIVED, not a published rate"
EDU,1,2018,2758,13092,15850,17.4,Jordanian citizens aged 15+,"rate = unemployed/(unemployed+employed) from official DoS annual person counts; DERIVED, not a published rate"
EDU,1,2019,2284,11278,13562,16.84,Jordanian citizens aged 15+,"rate = unemployed/(unemployed+employed) from official DoS annual person counts; DERIVED, not a published rate"
EDU,1,2020,2527,8960,11487,22.0,Jordanian citizens aged 15+,"rate = unemployed/(unemployed+employed) from official DoS annual person counts; DERIVED, not a published rate"
EDU,1,2021,2144,8313,10457,20.5,Jordanian citizens aged 15+,"rate = unemployed/(unemployed+employed) from official DoS annual person counts; DERIVED, not a published rate"
EDU,1,2022,1665,7106,8771,18.98,Jordanian citizens aged 15+,"rate = unemployed/(unemployed+employed) from official DoS annual person counts; DERIVED, not a published rate"
EDU,1,2023,2322,8490,10812,21.48,Jordanian citizens aged 15+,"rate = unemployed/(unemployed+employed) from official DoS annual person counts; DERIVED, not a published rate"
EDU,1,2024,2321,9115,11436,20.3,Jordanian citizens aged 15+,"rate = unemployed/(unemployed+employed) from official DoS annual person counts; DERIVED, not a published rate"
EDU,1,2025,1431,6270,7701,18.58,Jordanian citizens aged 15+,"rate = unemployed/(unemployed+employed) from official DoS annual person counts; DERIVED, not a published rate"
EDU,2,2017,5014,28329,33343,15.04,Jordanian citizens aged 15+,"rate = unemployed/(unemployed+employed) from official DoS annual person counts; DERIVED, not a published rate"
EDU,2,2018,3867,21374,25241,15.32,Jordanian citizens aged 15+,"rate = unemployed/(unemployed+employed) from official DoS annual person counts; DERIVED, not a published rate"
EDU,2,2019,4006,19207,23213,17.26,Jordanian citizens aged 15+,"rate = unemployed/(unemployed+employed) from official DoS annual person counts; DERIVED, not a published rate"
EDU,2,2020,5586,20292,25878,21.59,Jordanian citizens aged 15+,"rate = unemployed/(unemployed+employed) from official DoS annual person counts; DERIVED, not a published rate"
EDU,2,2021,5368,21334,26702,20.1,Jordanian citizens aged 15+,"rate = unemployed/(unemployed+employed) from official DoS annual person counts; DERIVED, not a published rate"
EDU,2,2022,5137,22002,27139,18.93,Jordanian citizens aged 15+,"rate = unemployed/(unemployed+employed) from official DoS annual person counts; DERIVED, not a published rate"
EDU,2,2023,5501,19642,25143,21.88,Jordanian citizens aged 15+,"rate = unemployed/(unemployed+employed) from official DoS annual person counts; DERIVED, not a published rate"
EDU,2,2024,4778,19091,23869,20.02,Jordanian citizens aged 15+,"rate = unemployed/(unemployed+employed) from official DoS annual person counts; DERIVED, not a published rate"
EDU,2,2025,3301,18732,22033,14.98,Jordanian citizens aged 15+,"rate = unemployed/(unemployed+employed) from official DoS annual person counts; DERIVED, not a published rate"
EDU,3,2017,17836,100781,118617,15.04,Jordanian citizens aged 15+,"rate = unemployed/(unemployed+employed) from official DoS annual person counts; DERIVED, not a published rate"
EDU,3,2018,17986,82629,100615,17.88,Jordanian citizens aged 15+,"rate = unemployed/(unemployed+employed) from official DoS annual person counts; DERIVED, not a published rate"
EDU,3,2019,16441,80017,96458,17.04,Jordanian citizens aged 15+,"rate = unemployed/(unemployed+employed) from official DoS annual person counts; DERIVED, not a published rate"
EDU,3,2020,27713,72653,100366,27.61,Jordanian citizens aged 15+,"rate = unemployed/(unemployed+employed) from official DoS annual person counts; DERIVED, not a published rate"
EDU,3,2021,25769,80740,106509,24.19,Jordanian citizens aged 15+,"rate = unemployed/(unemployed+employed) from official DoS annual person counts; DERIVED, not a published rate"
EDU,3,2022,23172,81942,105114,22.04,Jordanian citizens aged 15+,"rate = unemployed/(unemployed+employed) from official DoS annual person counts; DERIVED, not a published rate"
EDU,3,2023,22380,78437,100817,22.2,Jordanian citizens aged 15+,"rate = unemployed/(unemployed+employed) from official DoS annual person counts; DERIVED, not a published rate"
EDU,3,2024,19825,76506,96331,20.58,Jordanian citizens aged 15+,"rate = unemployed/(unemployed+employed) from official DoS annual person counts; DERIVED, not a published rate"
EDU,3,2025,18815,76470,95285,19.75,Jordanian citizens aged 15+,"rate = unemployed/(unemployed+employed) from official DoS annual person counts; DERIVED, not a published rate"
EDU,4,2017,23469,179709,203178,11.55,Jordanian citizens aged 15+,"rate = unemployed/(unemployed+employed) from official DoS annual person counts; DERIVED, not a published rate"
EDU,4,2018,22085,170417,192502,11.47,Jordanian citizens aged 15+,"rate = unemployed/(unemployed+employed) from official DoS annual person counts; DERIVED, not a published rate"
EDU,4,2019,21292,155391,176683,12.05,Jordanian citizens aged 15+,"rate = unemployed/(unemployed+employed) from official DoS annual person counts; DERIVED, not a published rate"
EDU,4,2020,30427,144886,175313,17.36,Jordanian citizens aged 15+,"rate = unemployed/(unemployed+employed) from official DoS annual person counts; DERIVED, not a published rate"
EDU,4,2021,25661,144790,170451,15.05,Jordanian citizens aged 15+,"rate = unemployed/(unemployed+employed) from official DoS annual person counts; DERIVED, not a published rate"
EDU,4,2022,22251,139144,161395,13.79,Jordanian citizens aged 15+,"rate = unemployed/(unemployed+employed) from official DoS annual person counts; DERIVED, not a published rate"
EDU,4,2023,20976,135895,156871,13.37,Jordanian citizens aged 15+,"rate = unemployed/(unemployed+employed) from official DoS annual person counts; DERIVED, not a published rate"
EDU,4,2024,19329,130551,149880,12.9,Jordanian citizens aged 15+,"rate = unemployed/(unemployed+employed) from official DoS annual person counts; DERIVED, not a published rate"
EDU,4,2025,19717,126442,146159,13.49,Jordanian citizens aged 15+,"rate = unemployed/(unemployed+employed) from official DoS annual person counts; DERIVED, not a published rate"
EDU,5,2017,95272,413140,508412,18.74,Jordanian citizens aged 15+,"rate = unemployed/(unemployed+employed) from official DoS annual person counts; DERIVED, not a published rate"
EDU,5,2018,94489,410737,505226,18.7,Jordanian citizens aged 15+,"rate = unemployed/(unemployed+employed) from official DoS annual person counts; DERIVED, not a published rate"
EDU,5,2019,101570,425964,527534,19.25,Jordanian citizens aged 15+,"rate = unemployed/(unemployed+employed) from official DoS annual person counts; DERIVED, not a published rate"
EDU,5,2020,124244,409647,533891,23.27,Jordanian citizens aged 15+,"rate = unemployed/(unemployed+employed) from official DoS annual person counts; DERIVED, not a published rate"
EDU,5,2021,136536,408298,544834,25.06,Jordanian citizens aged 15+,"rate = unemployed/(unemployed+employed) from official DoS annual person counts; DERIVED, not a published rate"
EDU,5,2022,130620,439550,570170,22.91,Jordanian citizens aged 15+,"rate = unemployed/(unemployed+employed) from official DoS annual person counts; DERIVED, not a published rate"
EDU,5,2023,127887,471420,599307,21.34,Jordanian citizens aged 15+,"rate = unemployed/(unemployed+employed) from official DoS annual person counts; DERIVED, not a published rate"
EDU,5,2024,125541,504624,630165,19.92,Jordanian citizens aged 15+,"rate = unemployed/(unemployed+employed) from official DoS annual person counts; DERIVED, not a published rate"
EDU,5,2025,124245,521057,645302,19.25,Jordanian citizens aged 15+,"rate = unemployed/(unemployed+employed) from official DoS annual person counts; DERIVED, not a published rate"
EDU,6,2017,1835,11345,13180,13.92,Jordanian citizens aged 15+,"rate = unemployed/(unemployed+employed) from official DoS annual person counts; DERIVED, not a published rate"
EDU,6,2018,3203,10463,13666,23.44,Jordanian citizens aged 15+,"rate = unemployed/(unemployed+employed) from official DoS annual person counts; DERIVED, not a published rate"
EDU,6,2019,2488,11506,13994,17.78,Jordanian citizens aged 15+,"rate = unemployed/(unemployed+employed) from official DoS annual person counts; DERIVED, not a published rate"
EDU,6,2020,4215,10359,14574,28.92,Jordanian citizens aged 15+,"rate = unemployed/(unemployed+employed) from official DoS annual person counts; DERIVED, not a published rate"
EDU,6,2021,4697,13683,18380,25.55,Jordanian citizens aged 15+,"rate = unemployed/(unemployed+employed) from official DoS annual person counts; DERIVED, not a published rate"
EDU,6,2022,3912,14343,18255,21.43,Jordanian citizens aged 15+,"rate = unemployed/(unemployed+employed) from official DoS annual person counts; DERIVED, not a published rate"
EDU,6,2023,3383,17051,20434,16.56,Jordanian citizens aged 15+,"rate = unemployed/(unemployed+employed) from official DoS annual person counts; DERIVED, not a published rate"
EDU,6,2024,3434,15451,18885,18.18,Jordanian citizens aged 15+,"rate = unemployed/(unemployed+employed) from official DoS annual person counts; DERIVED, not a published rate"
EDU,6,2025,1629,14677,16306,9.99,Jordanian citizens aged 15+,"rate = unemployed/(unemployed+employed) from official DoS annual person counts; DERIVED, not a published rate"
EDU,7,2017,21094,146834,167928,12.56,Jordanian citizens aged 15+,"rate = unemployed/(unemployed+employed) from official DoS annual person counts; DERIVED, not a published rate"
EDU,7,2018,16241,128876,145117,11.19,Jordanian citizens aged 15+,"rate = unemployed/(unemployed+employed) from official DoS annual person counts; DERIVED, not a published rate"
EDU,7,2019,17855,121792,139647,12.79,Jordanian citizens aged 15+,"rate = unemployed/(unemployed+employed) from official DoS annual person counts; DERIVED, not a published rate"
EDU,7,2020,22090,119769,141859,15.57,Jordanian citizens aged 15+,"rate = unemployed/(unemployed+employed) from official DoS annual person counts; DERIVED, not a published rate"
EDU,7,2021,25920,122024,147944,17.52,Jordanian citizens aged 15+,"rate = unemployed/(unemployed+employed) from official DoS annual person counts; DERIVED, not a published rate"
EDU,7,2022,26925,132885,159810,16.85,Jordanian citizens aged 15+,"rate = unemployed/(unemployed+employed) from official DoS annual person counts; DERIVED, not a published rate"
EDU,7,2023,26367,139259,165626,15.92,Jordanian citizens aged 15+,"rate = unemployed/(unemployed+employed) from official DoS annual person counts; DERIVED, not a published rate"
EDU,7,2024,27765,148363,176128,15.76,Jordanian citizens aged 15+,"rate = unemployed/(unemployed+employed) from official DoS annual person counts; DERIVED, not a published rate"
EDU,7,2025,33488,154324,187812,17.83,Jordanian citizens aged 15+,"rate = unemployed/(unemployed+employed) from official DoS annual person counts; DERIVED, not a published rate"
EDU,8,2017,29626,137819,167445,17.69,Jordanian citizens aged 15+,"rate = unemployed/(unemployed+employed) from official DoS annual person counts; DERIVED, not a published rate"
EDU,8,2018,26003,129546,155549,16.72,Jordanian citizens aged 15+,"rate = unemployed/(unemployed+employed) from official DoS annual person counts; DERIVED, not a published rate"
EDU,8,2019,19050,123179,142229,13.39,Jordanian citizens aged 15+,"rate = unemployed/(unemployed+employed) from official DoS annual person counts; DERIVED, not a published rate"
EDU,8,2020,29008,116875,145883,19.88,Jordanian citizens aged 15+,"rate = unemployed/(unemployed+employed) from official DoS annual person counts; DERIVED, not a published rate"
EDU,8,2021,28463,118361,146824,19.39,Jordanian citizens aged 15+,"rate = unemployed/(unemployed+employed) from official DoS annual person counts; DERIVED, not a published rate"
EDU,8,2022,28969,117746,146715,19.75,Jordanian citizens aged 15+,"rate = unemployed/(unemployed+employed) from official DoS annual person counts; DERIVED, not a published rate"
EDU,8,2023,30203,119201,149404,20.22,Jordanian citizens aged 15+,"rate = unemployed/(unemployed+employed) from official DoS annual person counts; DERIVED, not a published rate"
EDU,8,2024,33139,117262,150401,22.03,Jordanian citizens aged 15+,"rate = unemployed/(unemployed+employed) from official DoS annual person counts; DERIVED, not a published rate"
EDU,8,2025,34337,110187,144524,23.76,Jordanian citizens aged 15+,"rate = unemployed/(unemployed+employed) from official DoS annual person counts; DERIVED, not a published rate"
EDU,9,2017,132328,434023,566351,23.37,Jordanian citizens aged 15+,"rate = unemployed/(unemployed+employed) from official DoS annual person counts; DERIVED, not a published rate"
EDU,9,2018,136351,444131,580482,23.49,Jordanian citizens aged 15+,"rate = unemployed/(unemployed+employed) from official DoS annual person counts; DERIVED, not a published rate"
EDU,9,2019,139297,429572,568869,24.49,Jordanian citizens aged 15+,"rate = unemployed/(unemployed+employed) from official DoS annual person counts; DERIVED, not a published rate"
EDU,9,2020,158294,434868,593162,26.69,Jordanian citizens aged 15+,"rate = unemployed/(unemployed+employed) from official DoS annual person counts; DERIVED, not a published rate"
EDU,9,2021,180991,454388,635379,28.49,Jordanian citizens aged 15+,"rate = unemployed/(unemployed+employed) from official DoS annual person counts; DERIVED, not a published rate"
EDU,9,2022,177186,464102,641288,27.63,Jordanian citizens aged 15+,"rate = unemployed/(unemployed+employed) from official DoS annual person counts; DERIVED, not a published rate"
EDU,9,2023,179346,496281,675627,26.55,Jordanian citizens aged 15+,"rate = unemployed/(unemployed+employed) from official DoS annual person counts; DERIVED, not a published rate"
EDU,9,2024,193549,555485,749034,25.84,Jordanian citizens aged 15+,"rate = unemployed/(unemployed+employed) from official DoS annual person counts; DERIVED, not a published rate"
EDU,9,2025,194711,566002,760713,25.6,Jordanian citizens aged 15+,"rate = unemployed/(unemployed+employed) from official DoS annual person counts; DERIVED, not a published rate"
GOV,11,2017,122406,583119,705525,17.35,Jordanian citizens aged 15+,"rate = unemployed/(unemployed+employed) from official DoS annual person counts; DERIVED, not a published rate"
GOV,11,2018,123637,536058,659695,18.74,Jordanian citizens aged 15+,"rate = unemployed/(unemployed+employed) from official DoS annual person counts; DERIVED, not a published rate"
GOV,11,2019,121502,521237,642739,18.9,Jordanian citizens aged 15+,"rate = unemployed/(unemployed+employed) from official DoS annual person counts; DERIVED, not a published rate"
GOV,11,2020,170854,516576,687430,24.85,Jordanian citizens aged 15+,"rate = unemployed/(unemployed+employed) from official DoS annual person counts; DERIVED, not a published rate"
GOV,11,2021,173656,548806,722462,24.04,Jordanian citizens aged 15+,"rate = unemployed/(unemployed+employed) from official DoS annual person counts; DERIVED, not a published rate"
GOV,11,2022,154507,570417,724924,21.31,Jordanian citizens aged 15+,"rate = unemployed/(unemployed+employed) from official DoS annual person counts; DERIVED, not a published rate"
GOV,11,2023,160218,596450,756668,21.17,Jordanian citizens aged 15+,"rate = unemployed/(unemployed+employed) from official DoS annual person counts; DERIVED, not a published rate"
GOV,11,2024,169921,651744,821665,20.68,Jordanian citizens aged 15+,"rate = unemployed/(unemployed+employed) from official DoS annual person counts; DERIVED, not a published rate"
GOV,11,2025,155900,658907,814807,19.13,Jordanian citizens aged 15+,"rate = unemployed/(unemployed+employed) from official DoS annual person counts; DERIVED, not a published rate"
GOV,12,2017,22086,92375,114461,19.3,Jordanian citizens aged 15+,"rate = unemployed/(unemployed+employed) from official DoS annual person counts; DERIVED, not a published rate"
GOV,12,2018,19418,85433,104851,18.52,Jordanian citizens aged 15+,"rate = unemployed/(unemployed+employed) from official DoS annual person counts; DERIVED, not a published rate"
GOV,12,2019,20241,76870,97111,20.84,Jordanian citizens aged 15+,"rate = unemployed/(unemployed+employed) from official DoS annual person counts; DERIVED, not a published rate"
GOV,12,2020,23344,73174,96518,24.19,Jordanian citizens aged 15+,"rate = unemployed/(unemployed+employed) from official DoS annual person counts; DERIVED, not a published rate"
GOV,12,2021,27973,79112,107085,26.12,Jordanian citizens aged 15+,"rate = unemployed/(unemployed+employed) from official DoS annual person counts; DERIVED, not a published rate"
GOV,12,2022,27616,82087,109703,25.17,Jordanian citizens aged 15+,"rate = unemployed/(unemployed+employed) from official DoS annual person counts; DERIVED, not a published rate"
GOV,12,2023,27184,89478,116662,23.3,Jordanian citizens aged 15+,"rate = unemployed/(unemployed+employed) from official DoS annual person counts; DERIVED, not a published rate"
GOV,12,2024,26699,94185,120884,22.09,Jordanian citizens aged 15+,"rate = unemployed/(unemployed+employed) from official DoS annual person counts; DERIVED, not a published rate"
GOV,12,2025,29246,91338,120584,24.25,Jordanian citizens aged 15+,"rate = unemployed/(unemployed+employed) from official DoS annual person counts; DERIVED, not a published rate"
GOV,13,2017,41829,189814,231643,18.06,Jordanian citizens aged 15+,"rate = unemployed/(unemployed+employed) from official DoS annual person counts; DERIVED, not a published rate"
GOV,13,2018,46871,183282,230153,20.37,Jordanian citizens aged 15+,"rate = unemployed/(unemployed+employed) from official DoS annual person counts; DERIVED, not a published rate"
GOV,13,2019,46029,169215,215244,21.38,Jordanian citizens aged 15+,"rate = unemployed/(unemployed+employed) from official DoS annual person counts; DERIVED, not a published rate"
GOV,13,2020,50769,168187,218956,23.19,Jordanian citizens aged 15+,"rate = unemployed/(unemployed+employed) from official DoS annual person counts; DERIVED, not a published rate"
GOV,13,2021,51172,173276,224448,22.8,Jordanian citizens aged 15+,"rate = unemployed/(unemployed+employed) from official DoS annual person counts; DERIVED, not a published rate"
GOV,13,2022,49371,178473,227844,21.67,Jordanian citizens aged 15+,"rate = unemployed/(unemployed+employed) from official DoS annual person counts; DERIVED, not a published rate"
GOV,13,2023,51362,192343,243705,21.08,Jordanian citizens aged 15+,"rate = unemployed/(unemployed+employed) from official DoS annual person counts; DERIVED, not a published rate"
GOV,13,2024,58622,201485,260107,22.54,Jordanian citizens aged 15+,"rate = unemployed/(unemployed+employed) from official DoS annual person counts; DERIVED, not a published rate"
GOV,13,2025,50474,196839,247313,20.41,Jordanian citizens aged 15+,"rate = unemployed/(unemployed+employed) from official DoS annual person counts; DERIVED, not a published rate"
GOV,14,2017,10819,33229,44048,24.56,Jordanian citizens aged 15+,"rate = unemployed/(unemployed+employed) from official DoS annual person counts; DERIVED, not a published rate"
GOV,14,2018,9549,31535,41084,23.24,Jordanian citizens aged 15+,"rate = unemployed/(unemployed+employed) from official DoS annual person counts; DERIVED, not a published rate"
GOV,14,2019,8754,29576,38330,22.84,Jordanian citizens aged 15+,"rate = unemployed/(unemployed+employed) from official DoS annual person counts; DERIVED, not a published rate"
GOV,14,2020,9044,29685,38729,23.35,Jordanian citizens aged 15+,"rate = unemployed/(unemployed+employed) from official DoS annual person counts; DERIVED, not a published rate"
GOV,14,2021,10912,33212,44124,24.73,Jordanian citizens aged 15+,"rate = unemployed/(unemployed+employed) from official DoS annual person counts; DERIVED, not a published rate"
GOV,14,2022,9105,34156,43261,21.05,Jordanian citizens aged 15+,"rate = unemployed/(unemployed+employed) from official DoS annual person counts; DERIVED, not a published rate"
GOV,14,2023,9844,36916,46760,21.05,Jordanian citizens aged 15+,"rate = unemployed/(unemployed+employed) from official DoS annual person counts; DERIVED, not a published rate"
GOV,14,2024,9475,36797,46272,20.48,Jordanian citizens aged 15+,"rate = unemployed/(unemployed+employed) from official DoS annual person counts; DERIVED, not a published rate"
GOV,14,2025,10726,40244,50970,21.04,Jordanian citizens aged 15+,"rate = unemployed/(unemployed+employed) from official DoS annual person counts; DERIVED, not a published rate"
GOV,21,2017,62005,285347,347352,17.85,Jordanian citizens aged 15+,"rate = unemployed/(unemployed+employed) from official DoS annual person counts; DERIVED, not a published rate"
GOV,21,2018,56900,288419,345319,16.48,Jordanian citizens aged 15+,"rate = unemployed/(unemployed+employed) from official DoS annual person counts; DERIVED, not a published rate"
GOV,21,2019,64628,283448,348076,18.57,Jordanian citizens aged 15+,"rate = unemployed/(unemployed+employed) from official DoS annual person counts; DERIVED, not a published rate"
GOV,21,2020,74446,265170,339616,21.92,Jordanian citizens aged 15+,"rate = unemployed/(unemployed+employed) from official DoS annual person counts; DERIVED, not a published rate"
GOV,21,2021,88619,263769,352388,25.15,Jordanian citizens aged 15+,"rate = unemployed/(unemployed+employed) from official DoS annual person counts; DERIVED, not a published rate"
GOV,21,2022,90640,272995,363635,24.93,Jordanian citizens aged 15+,"rate = unemployed/(unemployed+employed) from official DoS annual person counts; DERIVED, not a published rate"
GOV,21,2023,86442,277401,363843,23.76,Jordanian citizens aged 15+,"rate = unemployed/(unemployed+employed) from official DoS annual person counts; DERIVED, not a published rate"
GOV,21,2024,83772,293202,376974,22.22,Jordanian citizens aged 15+,"rate = unemployed/(unemployed+employed) from official DoS annual person counts; DERIVED, not a published rate"
GOV,21,2025,97011,297316,394327,24.6,Jordanian citizens aged 15+,"rate = unemployed/(unemployed+employed) from official DoS annual person counts; DERIVED, not a published rate"
GOV,22,2017,16386,66775,83161,19.7,Jordanian citizens aged 15+,"rate = unemployed/(unemployed+employed) from official DoS annual person counts; DERIVED, not a published rate"
GOV,22,2018,15184,65119,80303,18.91,Jordanian citizens aged 15+,"rate = unemployed/(unemployed+employed) from official DoS annual person counts; DERIVED, not a published rate"
GOV,22,2019,15123,69343,84466,17.9,Jordanian citizens aged 15+,"rate = unemployed/(unemployed+employed) from official DoS annual person counts; DERIVED, not a published rate"
GOV,22,2020,18625,66546,85171,21.87,Jordanian citizens aged 15+,"rate = unemployed/(unemployed+employed) from official DoS annual person counts; DERIVED, not a published rate"
GOV,22,2021,21174,62705,83879,25.24,Jordanian citizens aged 15+,"rate = unemployed/(unemployed+employed) from official DoS annual person counts; DERIVED, not a published rate"
GOV,22,2022,23165,61517,84682,27.36,Jordanian citizens aged 15+,"rate = unemployed/(unemployed+employed) from official DoS annual person counts; DERIVED, not a published rate"
GOV,22,2023,21541,67091,88632,24.3,Jordanian citizens aged 15+,"rate = unemployed/(unemployed+employed) from official DoS annual person counts; DERIVED, not a published rate"
GOV,22,2024,21309,70440,91749,23.23,Jordanian citizens aged 15+,"rate = unemployed/(unemployed+employed) from official DoS annual person counts; DERIVED, not a published rate"
GOV,22,2025,22599,73021,95620,23.63,Jordanian citizens aged 15+,"rate = unemployed/(unemployed+employed) from official DoS annual person counts; DERIVED, not a published rate"
GOV,23,2017,9164,36980,46144,19.86,Jordanian citizens aged 15+,"rate = unemployed/(unemployed+employed) from official DoS annual person counts; DERIVED, not a published rate"
GOV,23,2018,9136,36982,46118,19.81,Jordanian citizens aged 15+,"rate = unemployed/(unemployed+employed) from official DoS annual person counts; DERIVED, not a published rate"
GOV,23,2019,8436,38534,46970,17.96,Jordanian citizens aged 15+,"rate = unemployed/(unemployed+employed) from official DoS annual person counts; DERIVED, not a published rate"
GOV,23,2020,9985,37398,47383,21.07,Jordanian citizens aged 15+,"rate = unemployed/(unemployed+employed) from official DoS annual person counts; DERIVED, not a published rate"
GOV,23,2021,11975,35345,47320,25.31,Jordanian citizens aged 15+,"rate = unemployed/(unemployed+employed) from official DoS annual person counts; DERIVED, not a published rate"
GOV,23,2022,10995,37371,48366,22.73,Jordanian citizens aged 15+,"rate = unemployed/(unemployed+employed) from official DoS annual person counts; DERIVED, not a published rate"
GOV,23,2023,11285,39827,51112,22.08,Jordanian citizens aged 15+,"rate = unemployed/(unemployed+employed) from official DoS annual person counts; DERIVED, not a published rate"
GOV,23,2024,10627,40214,50841,20.9,Jordanian citizens aged 15+,"rate = unemployed/(unemployed+employed) from official DoS annual person counts; DERIVED, not a published rate"
GOV,23,2025,11686,39574,51260,22.8,Jordanian citizens aged 15+,"rate = unemployed/(unemployed+employed) from official DoS annual person counts; DERIVED, not a published rate"
GOV,24,2017,8248,34247,42495,19.41,Jordanian citizens aged 15+,"rate = unemployed/(unemployed+employed) from official DoS annual person counts; DERIVED, not a published rate"
GOV,24,2018,8520,34098,42618,19.99,Jordanian citizens aged 15+,"rate = unemployed/(unemployed+employed) from official DoS annual person counts; DERIVED, not a published rate"
GOV,24,2019,8347,34530,42877,19.47,Jordanian citizens aged 15+,"rate = unemployed/(unemployed+employed) from official DoS annual person counts; DERIVED, not a published rate"
GOV,24,2020,8259,33378,41637,19.84,Jordanian citizens aged 15+,"rate = unemployed/(unemployed+employed) from official DoS annual person counts; DERIVED, not a published rate"
GOV,24,2021,9581,33442,43023,22.27,Jordanian citizens aged 15+,"rate = unemployed/(unemployed+employed) from official DoS annual person counts; DERIVED, not a published rate"
GOV,24,2022,10306,34103,44409,23.21,Jordanian citizens aged 15+,"rate = unemployed/(unemployed+employed) from official DoS annual person counts; DERIVED, not a published rate"
GOV,24,2023,9386,34517,43903,21.38,Jordanian citizens aged 15+,"rate = unemployed/(unemployed+employed) from official DoS annual person counts; DERIVED, not a published rate"
GOV,24,2024,9332,34716,44048,21.19,Jordanian citizens aged 15+,"rate = unemployed/(unemployed+employed) from official DoS annual person counts; DERIVED, not a published rate"
GOV,24,2025,11019,36055,47074,23.41,Jordanian citizens aged 15+,"rate = unemployed/(unemployed+employed) from official DoS annual person counts; DERIVED, not a published rate"
GOV,31,2017,14354,66234,80588,17.81,Jordanian citizens aged 15+,"rate = unemployed/(unemployed+employed) from official DoS annual person counts; DERIVED, not a published rate"
GOV,31,2018,12372,68055,80427,15.38,Jordanian citizens aged 15+,"rate = unemployed/(unemployed+employed) from official DoS annual person counts; DERIVED, not a published rate"
GOV,31,2019,11199,69260,80459,13.92,Jordanian citizens aged 15+,"rate = unemployed/(unemployed+employed) from official DoS annual person counts; DERIVED, not a published rate"
GOV,31,2020,13121,66455,79576,16.49,Jordanian citizens aged 15+,"rate = unemployed/(unemployed+employed) from official DoS annual person counts; DERIVED, not a published rate"
GOV,31,2021,14691,64279,78970,18.6,Jordanian citizens aged 15+,"rate = unemployed/(unemployed+employed) from official DoS annual person counts; DERIVED, not a published rate"
GOV,31,2022,19161,66096,85257,22.47,Jordanian citizens aged 15+,"rate = unemployed/(unemployed+employed) from official DoS annual person counts; DERIVED, not a published rate"
GOV,31,2023,18328,70054,88382,20.74,Jordanian citizens aged 15+,"rate = unemployed/(unemployed+employed) from official DoS annual person counts; DERIVED, not a published rate"
GOV,31,2024,18146,71494,89640,20.24,Jordanian citizens aged 15+,"rate = unemployed/(unemployed+employed) from official DoS annual person counts; DERIVED, not a published rate"
GOV,31,2025,18070,72556,90626,19.94,Jordanian citizens aged 15+,"rate = unemployed/(unemployed+employed) from official DoS annual person counts; DERIVED, not a published rate"
GOV,32,2017,7969,19873,27842,28.62,Jordanian citizens aged 15+,"rate = unemployed/(unemployed+employed) from official DoS annual person counts; DERIVED, not a published rate"
GOV,32,2018,6652,21599,28251,23.55,Jordanian citizens aged 15+,"rate = unemployed/(unemployed+employed) from official DoS annual person counts; DERIVED, not a published rate"
GOV,32,2019,6253,23650,29903,20.91,Jordanian citizens aged 15+,"rate = unemployed/(unemployed+employed) from official DoS annual person counts; DERIVED, not a published rate"
GOV,32,2020,8346,23089,31435,26.55,Jordanian citizens aged 15+,"rate = unemployed/(unemployed+employed) from official DoS annual person counts; DERIVED, not a published rate"
GOV,32,2021,6781,18584,25365,26.73,Jordanian citizens aged 15+,"rate = unemployed/(unemployed+employed) from official DoS annual person counts; DERIVED, not a published rate"
GOV,32,2022,6993,20315,27308,25.61,Jordanian citizens aged 15+,"rate = unemployed/(unemployed+employed) from official DoS annual person counts; DERIVED, not a published rate"
GOV,32,2023,6441,21173,27614,23.33,Jordanian citizens aged 15+,"rate = unemployed/(unemployed+employed) from official DoS annual person counts; DERIVED, not a published rate"
GOV,32,2024,6219,22233,28452,21.86,Jordanian citizens aged 15+,"rate = unemployed/(unemployed+employed) from official DoS annual person counts; DERIVED, not a published rate"
GOV,32,2025,6063,22495,28558,21.23,Jordanian citizens aged 15+,"rate = unemployed/(unemployed+employed) from official DoS annual person counts; DERIVED, not a published rate"
GOV,33,2017,8809,27935,36744,23.97,Jordanian citizens aged 15+,"rate = unemployed/(unemployed+employed) from official DoS annual person counts; DERIVED, not a published rate"
GOV,33,2018,8097,31452,39549,20.47,Jordanian citizens aged 15+,"rate = unemployed/(unemployed+employed) from official DoS annual person counts; DERIVED, not a published rate"
GOV,33,2019,7643,32003,39646,19.28,Jordanian citizens aged 15+,"rate = unemployed/(unemployed+employed) from official DoS annual person counts; DERIVED, not a published rate"
GOV,33,2020,9617,29585,39202,24.53,Jordanian citizens aged 15+,"rate = unemployed/(unemployed+employed) from official DoS annual person counts; DERIVED, not a published rate"
GOV,33,2021,10529,31590,42119,25.0,Jordanian citizens aged 15+,"rate = unemployed/(unemployed+employed) from official DoS annual person counts; DERIVED, not a published rate"
GOV,33,2022,10322,33981,44303,23.3,Jordanian citizens aged 15+,"rate = unemployed/(unemployed+employed) from official DoS annual person counts; DERIVED, not a published rate"
GOV,33,2023,10111,32951,43062,23.48,Jordanian citizens aged 15+,"rate = unemployed/(unemployed+employed) from official DoS annual person counts; DERIVED, not a published rate"
GOV,33,2024,9817,32587,42404,23.15,Jordanian citizens aged 15+,"rate = unemployed/(unemployed+employed) from official DoS annual person counts; DERIVED, not a published rate"
GOV,33,2025,12749,31492,44241,28.82,Jordanian citizens aged 15+,"rate = unemployed/(unemployed+employed) from official DoS annual person counts; DERIVED, not a published rate"
GOV,34,2017,5039,29818,34857,14.46,Jordanian citizens aged 15+,"rate = unemployed/(unemployed+employed) from official DoS annual person counts; DERIVED, not a published rate"
GOV,34,2018,6649,29231,35880,18.53,Jordanian citizens aged 15+,"rate = unemployed/(unemployed+employed) from official DoS annual person counts; DERIVED, not a published rate"
GOV,34,2019,6128,30240,36368,16.85,Jordanian citizens aged 15+,"rate = unemployed/(unemployed+employed) from official DoS annual person counts; DERIVED, not a published rate"
GOV,34,2020,7696,29066,36762,20.93,Jordanian citizens aged 15+,"rate = unemployed/(unemployed+employed) from official DoS annual person counts; DERIVED, not a published rate"
GOV,34,2021,8487,27812,36299,23.38,Jordanian citizens aged 15+,"rate = unemployed/(unemployed+employed) from official DoS annual person counts; DERIVED, not a published rate"
GOV,34,2022,7655,27309,34964,21.89,Jordanian citizens aged 15+,"rate = unemployed/(unemployed+employed) from official DoS annual person counts; DERIVED, not a published rate"
GOV,34,2023,6224,27475,33699,18.47,Jordanian citizens aged 15+,"rate = unemployed/(unemployed+employed) from official DoS annual person counts; DERIVED, not a published rate"
GOV,34,2024,5742,27351,33093,17.35,Jordanian citizens aged 15+,"rate = unemployed/(unemployed+employed) from official DoS annual person counts; DERIVED, not a published rate"
GOV,34,2025,6134,34326,40460,15.16,Jordanian citizens aged 15+,"rate = unemployed/(unemployed+employed) from official DoS annual person counts; DERIVED, not a published rate"
YOUTH_15_24,A1524,2017,147966,248606,396572,37.31,Jordanian citizens aged 15-24,sum of age bands 15-19 and 20-24; DERIVED from official counts
YOUTH_15_24,A1524,2018,140334,217302,357636,39.24,Jordanian citizens aged 15-24,sum of age bands 15-19 and 20-24; DERIVED from official counts
YOUTH_15_24,A1524,2019,139754,204506,344260,40.6,Jordanian citizens aged 15-24,sum of age bands 15-19 and 20-24; DERIVED from official counts
YOUTH_15_24,A1524,2020,149033,174971,324004,46.0,Jordanian citizens aged 15-24,sum of age bands 15-19 and 20-24; DERIVED from official counts
YOUTH_15_24,A1524,2021,164526,169269,333795,49.29,Jordanian citizens aged 15-24,sum of age bands 15-19 and 20-24; DERIVED from official counts
YOUTH_15_24,A1524,2022,161297,182063,343360,46.98,Jordanian citizens aged 15-24,sum of age bands 15-19 and 20-24; DERIVED from official counts
YOUTH_15_24,A1524,2023,157468,185055,342523,45.97,Jordanian citizens aged 15-24,sum of age bands 15-19 and 20-24; DERIVED from official counts
YOUTH_15_24,A1524,2024,157254,179937,337191,46.64,Jordanian citizens aged 15-24,sum of age bands 15-19 and 20-24; DERIVED from official counts
YOUTH_15_24,A1524,2025,153878,171962,325840,47.23,Jordanian citizens aged 15-24,sum of age bands 15-19 and 20-24; DERIVED from official counts
