Period,Indicator,Value,Unit,Population,Source,Page_Table,Cross_check,Verified
2025 Q1,Unemployment rate (15+),21.3,%,Jordanian citizens,DoS Press Release - unemp_Q1_en_2025.pdf,p.1; Headline bullet 1 (population not stated in text),Q1_26: Jordanians 21.3% in Q1 2025 (explicit Jordanian section),Yes
2025 Q1,Male unemployment rate,18.6,%,Jordanian citizens,DoS Press Release - unemp_Q1_en_2025.pdf,p.1; Headline bullet 3,Q1_26: male 17.9% = 0.7 pp below Q1 2025,Yes
2025 Q1,Female unemployment rate,31.2,%,Jordanian citizens,DoS Press Release - unemp_Q1_en_2025.pdf,p.1; Headline bullet 4,Q1_26: female 32.7% = +1.5 pp vs Q1 2025,Yes
2025 Q1,Revised economic participation rate (LFPR),32.9,%,Jordanian citizens,DoS Press Release - unemp_Q1_2026_en.pdf,p.8; Section 'Second: Unemployment among Jordanians' / Labor Force,Q1_25 reports 32.9% (population not stated),Yes
2025 Q2,Unemployment rate (15+),21.3,%,Jordanian citizens,DoS Press Release - unemp_Q3_2025_en.pdf,p.5; Section 'Second: Unemployment among Jordanians',"Q2_26: 'compared to Q2 2025, when it stood at 21.3%'",Yes
2025 Q2,Male unemployment rate,18.1,%,Jordanian citizens,DoS Press Release - unemp_Q2_2026_en.pdf,p.6; Implied: 18.5 - 0.4,Q3_25: male 18.0% = 0.1 pp below Q2 2025 -> 18.1,Yes (implied by stated change; 2 bulletins agree)
2025 Q2,Female unemployment rate,32.8,%,Jordanian citizens,DoS Press Release - unemp_Q3_2025_en.pdf,p.5; Section 'Second: Unemployment among Jordanians' (33.9 - 1.1),Q2_26: 30.3% = -2.5 pp vs Q2 2025 -> 32.8,Yes (implied by stated change; 2 bulletins agree)
2025 Q2,Revised economic participation rate (LFPR),33.5,%,Jordanian citizens,DoS Press Release - unemp_Q2_2026_en.pdf,p.8; Section 'Second: Unemployment among Jordanians' / Labor Force,none,Yes
2025 Q3,Unemployment rate (15+),21.4,%,Jordanian citizens,DoS Press Release - unemp_Q3_2025_en.pdf,p.5; Section 'Second: Unemployment among Jordanians',"Q4_25: 'a decrease of 0.2 pp compared to Q3 2025, when it was 21.4%'",Yes
2025 Q3,Male unemployment rate,18.0,%,Jordanian citizens,DoS Press Release - unemp_Q3_2025_en.pdf,p.5; Section 'Second: Unemployment among Jordanians',Q4_25: 17.2% = -0.8 pp vs Q3 2025,Yes
2025 Q3,Female unemployment rate,33.9,%,Jordanian citizens,DoS Press Release - unemp_Q3_2025_en.pdf,p.5; Section 'Second: Unemployment among Jordanians',Q4_25: 34.8% = +0.9 pp vs Q3 2025,Yes
2025 Q3,"Unemployment rate, age 24+",17.2,%,Jordanian citizens,DoS Press Release - unemp_Q3_2025_en.pdf,"p.1; Headline bullet 5 and Characteristics of Unemployed Jordanians (males 13.5, females 30.1)",none,Yes
2025 Q3,Revised economic participation rate (LFPR),33.4,%,Jordanian citizens,DoS Press Release - unemp_Q3_2025_en.pdf,p.7; Section 'Second: Unemployment among Jordanians' / Labor Force,none,Yes
2025 Q3,Employment rate (employed / labour force),78.6,%,Jordanian citizens,DoS Press Release - unemp_Q3_2025_en.pdf,p.7; Section 'Second: Unemployment among Jordanians' / Employed,none,Yes
2025 Q4,Unemployment rate (15+),21.2,%,Jordanian citizens,DoS Press Release - unemp_Q4_2025_en.pdf,p.7; Section 'Second: Unemployment among Jordanians',"Q1_26: 'a decrease of 0.1 pp compared to Q4 of 2025, when it was 21.2%'",Yes
2025 Q4,Male unemployment rate,17.2,%,Jordanian citizens,DoS Press Release - unemp_Q4_2025_en.pdf,p.7; Section 'Second: Unemployment among Jordanians',Headline bullet 1,Yes
2025 Q4,Female unemployment rate,34.8,%,Jordanian citizens,DoS Press Release - unemp_Q4_2025_en.pdf,p.7; Section 'Second: Unemployment among Jordanians',Q1_26: 32.7% = -2.1 pp vs Q4 2025,Yes
2025 Q4,"Unemployment rate, age 24+",17.7,%,Jordanian citizens,DoS Press Release - unemp_Q4_2025_en.pdf,"p.8; Section 'Second: Unemployment among Jordanians' (males 13.6, females 31.3)",none,Yes
2025 Q4,Revised economic participation rate (LFPR),34.5,%,Jordanian citizens,DoS Press Release - unemp_Q4_2025_en.pdf,p.9; Section 'Second: Unemployment among Jordanians' / Labor Force,none,Yes
2025 Q4,Employment rate (employed / labour force),78.8,%,Jordanian citizens,DoS Press Release - unemp_Q4_2025_en.pdf,p.8; Section 'Second: Unemployment among Jordanians' / Employed,none,Yes
2026 Q1,Unemployment rate (15+),21.1,%,Jordanian citizens,DoS Press Release - unemp_Q1_2026_en.pdf,p.6; Section 'Second: Unemployment among Jordanians',Summary table 'first round of 2026',Yes
2026 Q1,Male unemployment rate,17.9,%,Jordanian citizens,DoS Press Release - unemp_Q1_2026_en.pdf,p.6; Section 'Second: Unemployment among Jordanians',Summary table,Yes
2026 Q1,Female unemployment rate,32.7,%,Jordanian citizens,DoS Press Release - unemp_Q1_2026_en.pdf,p.6; Section 'Second: Unemployment among Jordanians',Q2_26: 30.3% = -2.4 pp vs Q1 2026,Yes
2026 Q1,"Unemployment rate, age 24+",17.7,%,Jordanian citizens,DoS Press Release - unemp_Q1_2026_en.pdf,"p.7; Section 'Second: Unemployment among Jordanians' (males 14.4, females 29.0)",none,Yes
2026 Q1,Revised economic participation rate (LFPR),34.5,%,Jordanian citizens,DoS Press Release - unemp_Q1_2026_en.pdf,p.8; Section 'Second: Unemployment among Jordanians' / Labor Force,Summary table,Yes
2026 Q1,Employment rate (employed / labour force),78.9,%,Jordanian citizens,DoS Press Release - unemp_Q1_2026_en.pdf,p.7; Section 'Second: Unemployment among Jordanians' / Employed,none,Yes
2026 Q2,Unemployment rate (15+),21.0,%,Jordanian citizens,DoS Press Release - unemp_Q2_2026_en.pdf,p.6; Section 'Second: Unemployment among Jordanians',Summary table 'second round of 2026',Yes
2026 Q2,Male unemployment rate,18.5,%,Jordanian citizens,DoS Press Release - unemp_Q2_2026_en.pdf,p.6; Section 'Second: Unemployment among Jordanians',Summary table,Yes
2026 Q2,Female unemployment rate,30.3,%,Jordanian citizens,DoS Press Release - unemp_Q2_2026_en.pdf,p.6; Section 'Second: Unemployment among Jordanians',Summary table,Yes
2026 Q2,"Unemployment rate, age 24+",18.0,%,Jordanian citizens,DoS Press Release - unemp_Q2_2026_en.pdf,"p.7; Section 'Second: Unemployment among Jordanians' (males 15.4, females 27.1)",Headline bullet 3,Yes
2026 Q2,Revised economic participation rate (LFPR),34.3,%,Jordanian citizens,DoS Press Release - unemp_Q2_2026_en.pdf,p.8; Section 'Second: Unemployment among Jordanians' / Labor Force,Summary table,Yes
2026 Q2,Employment rate (employed / labour force),79.0,%,Jordanian citizens,DoS Press Release - unemp_Q2_2026_en.pdf,p.8; Section 'Second: Unemployment among Jordanians' / Employed,none,Yes
2026 Q2,Highest governorate rate (Ma'an),33.2,%,Jordanian citizens,DoS Press Release - unemp_Q2_2026_en.pdf,p.7; Section 'Second: Unemployment among Jordanians' / Characteristics of Unemployed (lowest Aqaba 14.7),none,Yes
2024 Annual,Unemployment rate (15+),21.4,%,Jordanian citizens,DoS Press Release - unemp_2024_en.pdf,p.1; Bullet 1 (population not stated in text),PxWeb counts give 21.42%; Q2_26 Fig.8 annual 2024 = 21.4,Yes (Jordanian status inferred from 2 cross-checks)
2024 Annual,Male / Female unemployment rate,18.2 / 32.9,%,Jordanian citizens,DoS Press Release - unemp_2024_en.pdf,p.1; Bullet 2,PxWeb counts give 18.21 / 32.85,Yes
2023 Annual,Unemployment rate (15+),22.0,%,Jordanian citizens,DoS Press Release - unemp_2024_en.pdf,p.1; Bullet 1,PxWeb counts give 21.97%,Yes
2025 Annual,Jordanian unemployed persons (annual),431675,persons,Jordanian citizens aged 15+,"DoS PxWeb DOS_Database/12 (tables EMPALL1, EMPALL; API updated 2026-10-07)","EMPALL1 all dims, TIME=2025","Sex split sums to total (283,579 + 148,096 = 431,675)",Yes (official counts)
2025 Annual,Jordanian employed persons (annual),1594162,persons,Jordanian citizens aged 15+,"DoS PxWeb DOS_Database/12 (tables EMPALL1, EMPALL; API updated 2026-10-07)","EMPALL all dims, TIME=2025","Sex split sums to total (283,579 + 148,096 = 431,675)",Yes (official counts)
2025 Annual,Jordanian labour force = unemployed + employed (annual),2025837,persons,Jordanian citizens aged 15+,"DoS PxWeb DOS_Database/12 (tables EMPALL1, EMPALL; API updated 2026-10-07)",DERIVED sum,"Sex split sums to total (283,579 + 148,096 = 431,675)",Derived (method validated on 2023-24)
2025 Annual,"Unemployment rate (annual, derived from counts)",21.31,%,Jordanian citizens aged 15+,"DoS PxWeb DOS_Database/12 (tables EMPALL1, EMPALL; API updated 2026-10-07)",DERIVED u/(u+e); same method reproduces published 2023 (21.97 vs 22.0) and 2024 (21.42 vs 21.4),"Sex split sums to total (283,579 + 148,096 = 431,675)",Derived (method validated on 2023-24)
2025 Annual,"Male unemployment rate (annual, derived from counts)",17.95,%,Jordanian citizens aged 15+,"DoS PxWeb DOS_Database/12 (EMPALL1, EMPALL)",DERIVED u/(u+e) by sex,Method reproduces published 2024 male 18.2 / female 32.9,Derived (method validated on 2024)
2025 Annual,"Female unemployment rate (annual, derived from counts)",33.21,%,Jordanian citizens aged 15+,"DoS PxWeb DOS_Database/12 (EMPALL1, EMPALL)",DERIVED u/(u+e) by sex,Method reproduces published 2024 male 18.2 / female 32.9,Derived (method validated on 2024)
2025 Annual,"Youth (15-24) unemployment rate (annual, derived from counts)",47.23,%,Jordanian citizens aged 15-24,"DoS PxWeb DOS_Database/12 (EMPALL1, EMPALL)",DERIVED: age bands 15-19 + 20-24,No DoS-published Jordanian youth rate for 2025 found,Derived (official counts)
